PortID,Longitude,Latitude,MaxDraft,TranshipmentCost,StorageCost,DaysFree,TranshipmentCapacity,MaxDailyPortCall
ASPPG,-170.7025,-14.27806,100.0,5000.0,1000000.0,7,0,2
AUADL,138.6,-34.93,100.0,475.0,22.41,5,0,4
AUBNE,153.0166667,-27.5,100.0,235.98,22.63,10,0,8
AUDAM,116.7,-20.6666667,100.0,5000.0,1000000.0,7,0,2
AUDRW,130.8333333,-12.4666667,100.0,608.19,1000000.0,7,0,3
AUFRE,115.77,-32.05,100.0,481.18,22.63,10,0,5
AUGLT,151.25,-23.85,100.0,5000.0,1000000.0,7,0,2
AUMEL,144.9666667,-37.8166667,100.0,326.71,22.63,10,0,9
AUPHE,118.5666667,-20.3166667,100.0,5000.0,1000000.0,7,0,2
AUSYD,151.2166667,-33.8833333,100.0,283.06,22.63,10,0,7
AUTSV,146.8,-19.25,100.0,359.31,1000000.0,7,0,3
BDCGP,91.8033333,22.3636111,9.5,107.61,1000000.0,7,0,13
BDMGL,89.617667,22.46667,100.0,5000.0,1000000.0,7,0,1
CNBAY,122.1,40.283333,100.0,5000.0,1000000.0,7,0,15
CNBHY,109.1,21.483334,100.0,5000.0,1000000.0,7,0,3
CNCAN,113.25,23.1166667,100.0,5000.0,1000000.0,7,0,10
CNCGU,120.73805,31.644167,100.0,5000.0,1000000.0,7,0,5
CNCWN,113.8833333,22.4666667,100.0,5000.0,1000000.0,7,0,22
CNDGG,113.7447222,23.0488889,100.0,5000.0,1000000.0,7,0,7
CNDLC,121.6022222,38.9122222,14.4,53.89,0.96,15,0,24
CNDOU,113.2936111,22.2105556,100.0,5000.0,1000000.0,7,0,7
CNFAN,108.3833333,21.7833333,100.0,5000.0,1000000.0,7,0,6
CNFUG,119.37945,25.725,15.0,43.79,0.93,14,0,18
CNFUZ,116.33,28.02,100.0,43.79,0.93,14,0,18
CNHAK,110.3416667,20.0458333,100.0,5000.0,1000000.0,7,0,11
CNJGY,119.32,25.47,100.0,5000.0,1000000.0,7,0,14
CNJNZ,121.1416667,41.1077778,100.0,5000.0,1000000.0,7,0,8
CNLYG,119.4425,34.7319444,16.0,48.89,0.93,14,0,15
CNMAA,118.4833333,31.7333333,100.0,5000.0,1000000.0,7,0,5
CNMMI,110.9,21.65,100.0,5000.0,1000000.0,7,0,2
CNNGB,121.5419444,29.875,16.0,50.29,0.93,14,1,67
CNNKG,118.7777778,32.0616667,100.0,5000.0,1000000.0,7,0,9
CNNSA,113.5697222,22.7466667,13.5,31.02,3.49,28,1,27
CNNTG,121.0636111,32.0866667,100.0,5000.0,1000000.0,7,0,9
CNQZH,108.6166667,21.95,11.8,22.22,1000000.0,7,0,16
CNQZJ,118.5858333,24.9138889,100.0,5000.0,1000000.0,7,0,16
CNRZH,119.5458333,35.3902778,100.0,5000.0,1000000.0,7,0,11
CNSHA,121.4580556,31.2222222,15.3,24.33,0.93,14,1,110
CNSHD,122.4180556,36.8830556,100.0,5000.0,1000000.0,7,0,5
CNSHK,113.92,22.4963889,15.6,40.19,9.8,24,1,17
CNSHP,119.5883333,39.9316667,100.0,5000.0,1000000.0,7,0,5
CNSJQ,112.88361,23.15917,100.0,5000.0,1000000.0,7,0,1
CNSWA,116.67834,23.36,14.1,74.84,1.39,14,0,12
CNTAG,121.09389,31.447779,100.0,5000.0,1000000.0,7,0,27
CNTAO,120.3719444,36.0986111,15.0,55.68,1.16,30,1,39
CNTNJ,117.1766667,39.1422222,100.0,5000.0,1000000.0,7,0,31
CNTXG,117.74194,38.97139,16.0,105.31,1.16,14,0,31
CNTZO,119.9080556,32.4933333,100.0,5000.0,1000000.0,7,0,3
CNWEI,122.1136111,37.5016667,100.0,5000.0,1000000.0,7,0,7
CNWHI,118.33,31.28,100.0,5000.0,1000000.0,7,0,4
CNWNZ,120.6544444,28.0191667,100.0,5000.0,1000000.0,7,0,9
CNWUH,114.2666667,30.5833333,100.0,5000.0,1000000.0,7,0,3
CNXIN,113.0402778,22.5177778,100.0,5000.0,1000000.0,7,0,3
CNXMN,118.0930556,24.4675,14.6,51.0,3.72,28,1,36
CNYNT,121.4,37.5333333,100.0,5000.0,1000000.0,7,0,12
CNYPG,109.2027778,19.7413889,100.0,5000.0,1000000.0,7,0,6
CNYTN,114.2666667,22.5833333,16.1,190.73,20.85,14,0,20
CNYZH,119.4358333,32.3972222,100.0,5000.0,1000000.0,7,0,5
CNZHA,110.3833333,21.2,100.0,8.89,1000000.0,7,0,8
CNZHE,119.4341667,32.2091667,100.0,5000.0,1000000.0,7,0,3
CNZJG,120.6361111,32.6888889,100.0,5000.0,1000000.0,7,0,8
CNZOS,122.0980556,30.0202778,100.0,5000.0,1000000.0,7,0,11
CNZSN,113.37,22.52,100.0,5000.0,1000000.0,7,0,2
CNZUH,113.5677778,22.2769444,100.0,5000.0,1000000.0,7,0,8
FJLTK,177.4666667,-17.6166667,100.0,5000.0,1000000.0,7,0,3
FJSUV,178.4166667,-18.1333333,100.0,160.78,1000000.0,7,0,5
GUPIT,144.69083,13.46083,100.0,5000.0,1000000.0,7,0,1
HKHKG,114.15,22.2833333,17.0,151.15,19.07,14,1,102
IDBDJ,114.58,-3.33,100.0,5000.0,1000000.0,7,0,7
IDBEN,116.7319444,-8.8766667,100.0,5000.0,1000000.0,7,0,2
IDBIT,124.57,1.18,100.0,5000.0,1000000.0,7,0,6
IDBLW,98.6833333,3.7833333,9.85,171.19,1000000.0,7,0,8
IDBPN,116.8333333,-1.2833333,100.0,5000.0,1000000.0,7,0,6
IDBUN,101.85,0.7333333,100.0,5000.0,1000000.0,7,0,2
IDDJB,103.6166667,-1.6,100.0,5000.0,1000000.0,7,0,1
IDFTG,102.0,0.81,100.0,5000.0,1000000.0,7,0,1
IDJKT,106.8294444,-6.1744444,16.0,148.43,2.94,4,0,30
IDPDG,100.35,-0.95,100.0,5000.0,1000000.0,7,0,5
IDPER,102.8666667,1.0666667,6.0,5000.0,1000000.0,7,0,3
IDPLM,104.75,-2.9166667,10.0,5000.0,1000000.0,7,0,5
IDPNJ,105.3,-5.4666667,9.0,5000.0,1000000.0,7,0,4
IDPNK,109.3333333,-0.0333333,100.0,5000.0,1000000.0,7,0,7
IDSRG,110.4166667,-6.9666667,9.0,172.0,1000000.0,7,0,7
IDSRI,117.15,-0.5,100.0,5000.0,1000000.0,7,0,5
IDSUB,112.75,-7.25,13.0,132.61,1000000.0,7,0,28
JPCHB,140.12,35.6,100.0,5000.0,1000000.0,7,0,4
JPHHE,141.5,40.5,100.0,5000.0,1000000.0,7,0,4
JPHIC,140.52,36.4,100.0,5000.0,1000000.0,7,0,6
JPHIJ,132.45,34.4,100.0,5000.0,1000000.0,7,0,8
JPHKT,130.42,33.6,100.0,5000.0,1000000.0,7,0,17
JPHSM,131.67,32.43,100.0,5000.0,1000000.0,7,0,1
JPHTD,132.97,34.12,100.0,5000.0,1000000.0,7,0,17
JPIMB,133.0,34.07,100.0,5000.0,1000000.0,7,0,4
JPIMI,129.88,33.27,100.0,5000.0,1000000.0,7,0,5
JPKCZ,133.55,33.55,100.0,5000.0,1000000.0,7,0,1
JPKIJ,139.05,37.92,100.0,5000.0,1000000.0,7,0,4
JPKNZ,136.65,36.57,100.0,5000.0,1000000.0,7,0,4
JPKUH,144.37,42.98,100.0,5000.0,1000000.0,7,0,3
JPKWS,139.72,35.52,100.0,5000.0,1000000.0,7,0,7
JPMAI,135.33,35.45,100.0,5000.0,1000000.0,7,0,3
JPMIZ,133.73,34.53,100.0,5000.0,1000000.0,7,0,9
JPMOJ,130.97,33.95,100.0,5000.0,1000000.0,7,0,13
JPMYJ,132.75,33.84,100.0,5000.0,1000000.0,7,0,4
JPNAH,127.67,26.21,100.0,5000.0,1000000.0,7,0,8
JPNAO,138.25,37.18,100.0,5000.0,1000000.0,7,0,2
JPNGO,136.91667,35.16667,100.0,5000.0,1000000.0,7,0,25
JPOIT,131.6,33.24,100.0,5000.0,1000000.0,7,0,5
JPOMZ,138.216667,34.6,14.0,188.07,1000000.0,7,0,3
JPOSA,135.5,34.66667,100.0,170.3,1000000.0,7,0,25
JPSBS,131.105,31.4666667,100.0,5000.0,1000000.0,7,0,5
JPSHS,130.95,33.95,100.0,5000.0,1000000.0,7,0,5
JPSMN,133.23,35.55,100.0,5000.0,1000000.0,7,0,4
JPSMZ,138.48,35.02,12.0,5000.0,1000000.0,7,0,11
JPTKS,134.57,34.07,100.0,5000.0,1000000.0,7,0,1
JPTKY,131.82,34.05,100.0,5000.0,1000000.0,7,0,7
JPTMK,141.6,42.64,100.0,5000.0,1000000.0,7,0,7
JPTRG,136.07,35.65,100.0,5000.0,1000000.0,7,0,4
JPTYO,139.75,35.69,13.6,5000.0,1000000.0,7,0,23
JPUKB,135.17,34.68,16.3,157.23,1000000.0,7,0,37
JPYKK,136.62,34.97,12.0,5000.0,1000000.0,7,0,6
JPYOK,139.65,35.45,16.0,214.13,2.43,14,1,33
KHKOS,103.5,10.6333333,8.5,5000.0,3.0,15,0,5
KRICH,126.73167,37.45361,15.5,96.47,5.23,21,0,21
KRKAN,127.70167,34.94028,16.0,116.7,1000000.0,7,1,20
KRPTK,127.0888889,36.9947222,14.0,5000.0,1000000.0,7,0,11
KRPUS,129.0402778,35.1027778,15.6,109.17,2.67,10,1,42
KRUSN,129.3166667,35.5372222,100.0,111.38,1000000.0,7,0,13
MMRGN,96.1561111,16.8052778,10.0,5000.0,1000000.0,7,0,7
MPSPN,145.75,15.2,100.0,5000.0,1000000.0,7,0,1
MYBKI,116.0666667,5.9833333,100.0,5000.0,1000000.0,7,0,6
MYBTU,113.0333333,3.1666667,100.0,5000.0,1000000.0,7,0,4
MYKCH,110.3333333,1.4166667,100.0,5000.0,1000000.0,7,0,5
MYKUA,103.3333333,3.8,100.0,5000.0,1000000.0,7,0,5
MYLBU,115.2416667,5.2766667,100.0,5000.0,1000000.0,7,0,3
MYMYY,113.9833333,4.3833333,100.0,5000.0,1000000.0,7,0,2
MYPEN,100.3333333,5.4166667,10.0,100.44,3.15,14,0,7
MYPGU,103.8833333,1.4666667,11.0,72.23,1.45,21,0,9
MYPKG,101.4,3.0,18.0,69.87,3.01,28,1,38
MYSBW,111.8166667,2.3,100.0,5000.0,1000000.0,7,0,2
MYSDK,118.1166667,5.8333333,100.0,5000.0,1000000.0,7,0,3
MYTPP,103.55,1.35,18.0,88.86,3.62,14,0,20
MYTWU,117.9,4.25,100.0,5000.0,1000000.0,7,0,3
NCNOU,166.45,-22.2666667,100.0,157.85,1000000.0,7,0,4
NZAKL,174.7666667,-36.8666667,100.0,149.09,42.66,7,0,5
NZLYT,172.73333,-43.61667,11.0,5000.0,1000000.0,7,0,4
NZMAP,174.5,-35.8333333,100.0,5000.0,1000000.0,7,0,2
NZNPE,176.9166667,-39.4833333,100.0,175.67,1000000.0,7,0,4
NZNSN,173.28333,-41.28333,100.0,5000.0,1000000.0,7,0,3
NZTIU,171.25,-44.4,100.0,5000.0,1000000.0,7,0,2
NZTRG,176.1666667,-37.6861111,100.0,170.83,17.12,10,0,7
NZWLG,174.78333,-41.3,100.0,5000.0,1000000.0,7,0,5
PFPPT,-149.5666667,-17.5333333,100.0,786.36,1000000.0,7,0,2
PGGUR,150.4166667,-10.3,100.0,5000.0,1000000.0,7,0,2
PGKIM,150.15,-5.55,100.0,301.42,1000000.0,7,0,2
PGLAE,147.0,-6.7333333,100.0,535.79,1000000.0,7,0,7
PGMAG,145.8,-5.2166667,100.0,5000.0,1000000.0,7,0,2
PGRAB,152.1833333,-4.2,100.0,85.28,1000000.0,7,0,3
PHBTG,121.06,13.7594444,13.0,126.77,16.41,15,0,6
PHCEB,123.8916667,10.3111111,8.5,5000.0,16.41,15,0,13
PHCGY,124.6472222,8.4822222,15.0,100.45,16.41,15,0,6
PHDVO,125.6127778,7.0730556,12.6,126.11,9.08,15,0,13
PHGES,125.17167,6.11278,12.0,5000.0,1000000.0,7,0,1
PHMNL,120.98222,14.60417,12.3,172.61,16.41,15,0,29
PHSFS,120.27,14.79,28.0,117.93,10.88,15,0,8
SBHIR,159.95,-9.4333333,100.0,5000.0,1000000.0,7,0,3
SGSIN,103.8558333,1.2930556,18.0,159.11,5.58,7,1,95
THBKK,100.5166667,13.75,9.38,5000.0,4.34,3,0,14
THLCH,100.8833333,13.0833333,13.5,93.75,3.52,3,0,25
THSGZ,100.36,7.12,100.0,5000.0,1000000.0,7,0,3
TWKEL,121.7375,25.1313889,15.0,82.1,3.49,5,1,17
TWKHH,120.30139,22.61778,16.0,148.56,1.07,14,1,41
TWTPE,121.525,25.0391667,100.0,118.22,3.22,7,0,12
TWTXG,120.6866667,24.1483333,13.0,98.92,0.81,14,0,22
VNC8Q,108.7,15.4,100.0,5000.0,1000000.0,7,0,1
VNCMT,107.0166,10.53,15.0,77.0,2.25,14,0,11
VNDAD,108.2208333,16.0677778,10.4,76.88,0.9,8,0,8
VNHPH,106.6822222,20.8561111,100.0,86.67,1000000.0,7,0,25
VNNGH,105.83,19.33,100.0,75.0,0.93,28,0,2
VNSGN,106.6666667,10.75,12.9,76.35,1.5,7,0,26
VNUIH,109.2333333,13.7666667,9.0,5000.0,0.89,14,0,5
VNVUT,107.06667,10.53,15.0,77.0,2.25,14,1,11
WSAPW,-171.7333333,-13.8333333,100.0,5000.0,1000000.0,7,0,3
