linename,portid,sequence,eosp_utc_wd,eosp_utc_hr,time_wait,time_manin,staytime,time_manout,timetonext,vspeed,cap_nom,vrank,cap_eff,duration,moves,ops_prod,alloc,cap_scale,cap_reserve,svc_type,ignore_buffer_lb
BBX2CNC,CNNGB,1,1.0,17.0,26.0,3.0,14.0,3.0,11.0,14.0,2822,5,2547,35,800,57.142857142857146,1811.857142857143,0.9025513819985825,735.1428571428571,OWN,0
BBX2CNC,CNSHA,2,,,25.0,4.0,12.0,4.0,46.0,13.8,2822,5,2547,35,1100,91.66666666666669,1811.857142857143,0.9025513819985825,735.1428571428571,OWN,0
BBX2CNC,TWKHH,3,,,1.0,2.0,13.0,1.0,129.0,14.0,2822,5,2547,35,500,38.46153846153846,1811.857142857143,0.9025513819985825,735.1428571428571,OWN,0
BBX2CNC,MYPKG,4,,,6.0,1.0,12.0,1.0,82.0,16.0,2822,5,2547,35,550,45.833333333333336,1811.857142857143,0.9025513819985825,735.1428571428571,OWN,0
BBX2CNC,BDCGP,5,,,36.0,2.0,70.0,2.0,100.0,13.1,2822,5,2547,35,1550,22.142857142857142,1811.857142857143,0.9025513819985825,735.1428571428571,OWN,0
BBX2CNC,MYPKG,6,,,17.0,1.0,30.0,1.0,55.0,14.4,2822,5,2547,35,1500,50.0,1811.857142857143,0.9025513819985825,735.1428571428571,OWN,0
BBX2CNC,VNSGN,7,,,7.0,4.0,12.0,3.0,104.0,14.3,2822,5,2547,35,680,56.66666666666666,1811.857142857143,0.9025513819985825,735.1428571428571,OWN,0
BBX3CNC,CNNSA,1,3.0,9.0,2.0,2.0,21.0,1.0,2.0,10.5,1952,4,1300,35,700,33.333333333333336,1331.857142857143,0.6659836065573771,0.0,OWN,0
BBX3CNC,CNSHK,2,,,0.0,1.0,12.0,2.0,194.0,15.1,1952,4,1300,35,600,50.0,1331.857142857143,0.6659836065573771,0.0,OWN,0
BBX3CNC,BDCGP,3,,,50.0,2.0,78.0,2.0,97.0,15.2,1952,4,1300,35,1800,23.07692307692308,1331.857142857143,0.6659836065573771,0.0,OWN,0
BBX3CNC,SGSIN,4,,,55.0,2.0,14.0,1.0,12.0,14.9,1952,4,1300,35,1000,71.42857142857143,1331.857142857143,0.6659836065573771,0.0,OWN,0
BBX3CNC,MYPKG,5,,,28.0,1.0,20.0,1.0,73.0,16.5,1952,4,1300,35,900,45.0,1331.857142857143,0.6659836065573771,0.0,OWN,0
BBX3CNC,VNDAD,6,,,7.0,2.0,14.0,1.0,18.0,14.4,1952,4,1300,35,350,25.0,1331.857142857143,0.6659836065573771,0.0,OWN,0
BBX3CNC,VNNGH,7,,,0.0,2.0,13.0,2.0,11.0,10.3,1952,4,1300,35,250,19.23076923076923,1331.857142857143,0.6659836065573771,0.0,OWN,0
BBX3CNC,VNHPH,8,,,36.0,2.0,24.0,2.0,33.0,13.1,1952,4,1300,35,1350,56.25,1331.857142857143,0.6659836065573771,0.0,OWN,0
BBXCNC,SGSIN,1,3.0,20.0,0.0,2.0,26.0,1.0,11.0,16.0,2202,5,1642,14,1800,69.23076923076923,1303.3,0.745685740236149,338.70000000000005,FIX,1
BBXCNC,MYPKG,2,,,0.0,1.0,20.0,2.0,82.0,16.0,2202,5,1642,14,800,40.0,1303.3,0.745685740236149,338.70000000000005,FIX,1
BBXCNC,BDCGP,3,,,24.0,2.0,72.0,2.0,91.0,16.2,2202,5,1642,14,1520,21.11111111111111,1303.3,0.745685740236149,338.70000000000005,FIX,1
BMXCNC,CNDLC,1,1.0,2.0,8.0,2.0,17.0,1.0,15.0,12.3,2782,5,2292,35,1000,58.8235294117647,2490.5,0.8238677210639828,0.0,OWN,0
BMXCNC,CNTXG,2,,,16.0,3.0,20.0,3.0,37.0,13.1,2782,5,2292,35,1400,70.0,2490.5,0.8238677210639828,0.0,OWN,0
BMXCNC,CNTAO,3,,,36.0,2.0,14.0,1.0,70.0,13.1,2782,5,2292,35,1150,82.14285714285714,2490.5,0.8238677210639828,0.0,OWN,0
BMXCNC,CNXMN,4,,,8.0,2.0,14.0,2.0,16.0,12.7,2782,5,2292,35,500,35.714285714285715,2490.5,0.8238677210639828,0.0,OWN,0
BMXCNC,CNSWA,5,,,0.0,2.0,10.0,1.0,15.0,13.4,2782,5,2292,35,300,30.0,2490.5,0.8238677210639828,0.0,OWN,0
BMXCNC,CNSHK,6,,,18.0,2.0,11.0,2.0,2.0,10.5,2782,5,2292,35,600,54.54545454545455,2490.5,0.8238677210639828,0.0,OWN,0
BMXCNC,CNNSA,7,,,21.0,2.0,11.0,2.0,48.0,13.1,2782,5,2292,35,800,72.72727272727273,2490.5,0.8238677210639828,0.0,OWN,0
BMXCNC,PHMNL,8,,,20.0,2.0,72.0,1.0,57.0,10.0,2782,5,2292,35,950,43.18181818181818,2490.5,0.8238677210639828,0.0,OWN,0
BMXCNC,PHDVO,9,,,17.0,2.0,18.0,1.0,144.0,12.5,2782,5,2292,35,900,50.0,2490.5,0.8238677210639828,0.0,OWN,0
BMXCNC,KRPUS,10,,,17.0,2.0,12.0,1.0,40.0,12.7,2782,5,2292,35,700,58.333333333333336,2490.5,0.8238677210639828,0.0,OWN,0
CHN1CNC,CNSHA,1,4.0,8.0,30.0,6.0,25.0,5.0,11.0,14.0,5780,8,4123,28,2700,108.0,2285.875,,,VSA,0
CHN1CNC,CNNGB,2,0.0,13.0,25.0,3.0,19.0,3.0,26.0,14.5,5780,8,4123,28,1400,73.6842105263158,2285.875,,,VSA,0
CHN1CNC,CNQZJ,3,3.0,17.0,6.0,2.0,16.0,2.0,13.0,11.9,5780,8,4123,28,400,25.0,2285.875,,,VSA,0
CHN1CNC,CNSWA,4,5.0,8.0,3.0,2.0,12.0,1.0,125.0,14.8,5780,8,4123,28,300,25.0,2285.875,,,VSA,0
CHN1CNC,IDJKT,5,4.0,7.0,10.0,2.0,48.0,1.0,25.0,14.3,5780,8,4123,28,3200,66.66666666666667,2285.875,,,VSA,0
CHN1CNC,IDSUB,6,0.0,21.0,38.0,3.0,32.0,2.0,176.0,14.4,5780,8,4123,28,1200,37.5,2285.875,,,VSA,0
CMS2CNC,CNSHA,1,3.0,13.0,48.0,4.0,20.0,4.0,40.0,15.5,3765,6,3250,28,1400,70.0,1088.75,,,VSA,0
CMS2CNC,CNXMN,2,1.0,9.0,3.0,2.0,12.0,2.0,24.0,15.6,3765,6,3250,28,700,58.333333333333336,1088.75,,,VSA,0
CMS2CNC,CNNSA,3,3.0,4.0,0.0,2.0,12.0,2.0,89.0,15.9,3765,6,3250,28,600,50.0,1088.75,,,VSA,0
CMS2CNC,SGSIN,4,0.0,13.0,10.0,2.0,24.0,1.0,13.0,13.7,3765,6,3250,28,1500,62.5,1088.75,,,VSA,0
CMS2CNC,MYPKG,5,2.0,15.0,10.0,1.0,20.0,1.0,15.0,13.4,3765,6,3250,28,1200,60.0,1088.75,,,VSA,0
CMS2CNC,MYPEN,6,4.0,14.0,5.0,2.0,42.0,1.0,15.0,13.4,3765,6,3250,28,1650,39.285714285714285,1088.75,,,VSA,0
CMS2CNC,MYPKG,7,0.0,7.0,13.0,1.0,14.0,1.0,114.0,14.0,3765,6,3250,28,500,35.714285714285715,1088.75,,,VSA,0
CMS2CNC,CNNSA,8,6.0,6.0,22.0,2.0,10.0,2.0,67.0,13.4,3765,6,3250,28,500,50.0,1088.75,,,VSA,0
CP2CNC,CNSHK,1,5.0,14.0,0.0,2.0,16.0,1.0,1.0,11.1,1781,4,1370,14,890,55.625,1096.2857142857142,0.7692307692307693,273.7142857142858,OWN,1
CP2CNC,HKHKG,2,,,0.0,1.0,15.0,1.0,3.0,7.0,1781,4,1370,14,600,40.0,1096.2857142857142,0.7692307692307693,273.7142857142858,OWN,1
CP2CNC,CNNSA,3,,,0.0,1.0,11.0,2.0,38.0,16.3,1781,4,1370,14,400,36.36363636363637,1096.2857142857142,0.7692307692307693,273.7142857142858,OWN,1
CP2CNC,PHMNL,4,,,29.0,2.0,20.0,1.0,4.0,14.0,1781,4,1370,14,600,30.0,1096.2857142857142,0.7692307692307693,273.7142857142858,OWN,1
CP2CNC,PHSFS,5,,,2.0,2.0,14.0,1.0,55.0,15.4,1781,4,1370,14,374,26.714285714285715,1096.2857142857142,0.7692307692307693,273.7142857142858,OWN,1
CP2CNC,PHDVO,6,,,2.0,2.0,22.0,1.0,87.0,15.5,1781,4,1370,14,650,29.545454545454547,1096.2857142857142,0.7692307692307693,273.7142857142858,OWN,1
CP3CNC,CNSHK,1,1.0,18.0,12.0,2.0,20.0,1.0,1.0,10.0,1781,4,1370,14,800,40.0,1221.25,0.7692307692307693,148.75,OWN,0
CP3CNC,HKHKG,2,,,0.0,1.0,14.0,2.0,2.0,10.0,1781,4,1370,14,550,39.285714285714285,1221.25,0.7692307692307693,148.75,OWN,0
CP3CNC,CNNSA,3,,,6.0,2.0,15.0,2.0,46.0,15.0,1781,4,1370,14,600,40.0,1221.25,0.7692307692307693,148.75,OWN,0
CP3CNC,PHBTG,4,,,4.0,1.0,13.0,1.0,26.0,13.0,1781,4,1370,14,400,30.76923076923077,1221.25,0.7692307692307693,148.75,OWN,0
CP3CNC,PHCEB,5,,,13.0,2.0,20.0,2.0,10.0,13.0,1781,4,1370,14,700,35.0,1221.25,0.7692307692307693,148.75,OWN,0
CP3CNC,PHCGY,6,,,7.0,2.0,20.0,2.0,87.0,12.1,1781,4,1370,14,600,30.0,1221.25,0.7692307692307693,148.75,OWN,0
CP8CNC,CNSHA,1,4.0,0.0,19.0,4.0,12.0,4.0,10.0,16.2,2782,5,2315,14,800,66.66666666666667,893.3333333333334,,,VSA,0
CP8CNC,CNNGB,2,6.0,1.0,16.0,3.0,16.0,3.0,89.0,11.0,2782,5,2315,14,800,50.0,893.3333333333334,,,VSA,0
CP8CNC,PHMNL,3,4.0,8.0,11.0,2.0,55.0,1.0,91.0,1.0,2782,5,2315,14,1200,44.44444444444444,893.3333333333334,,,VSA,0
CS1CNC,TWKHH,1,6.0,22.0,2.0,2.0,25.0,1.0,10.0,16.5,6350,8,4508,28,1600,64.0,2920.0,,,VSA,0
CS1CNC,CNXMN,2,1.0,14.0,16.0,2.0,29.0,2.0,17.0,15.8,6350,8,4508,28,1400,48.27586206896552,2920.0,,,VSA,0
CS1CNC,HKHKG,3,4.0,8.0,5.0,2.0,18.0,2.0,1.0,7.0,6350,8,4508,28,1000,55.55555555555556,2920.0,,,VSA,0
CS1CNC,CNSHK,4,5.0,12.0,0.0,2.0,30.0,2.0,2.0,10.5,6350,8,4508,28,1800,60.0,2920.0,,,VSA,0
CS1CNC,CNNSA,5,0.0,0.0,0.0,1.0,10.0,2.0,110.0,14.5,6350,8,4508,28,500,50.0,2920.0,,,VSA,0
CS1CNC,MYPKG,6,5.0,3.0,12.0,1.0,80.0,1.0,47.0,1.0,6350,8,4508,28,680,40.0,2920.0,,,VSA,0
CS1CNC,IDJKT,7,4.0,0.0,4.0,2.0,47.0,1.0,36.0,15.8,6350,8,4508,28,4300,91.48936170212764,2920.0,,,VSA,0
CS1CNC,SGSIN,8,0.0,18.0,4.0,2.0,25.0,1.0,116.0,14.1,6350,8,4508,28,2200,88.0,2920.0,,,VSA,0
CS2CNC,CNSHK,1,6.0,8.0,0.0,2.0,16.0,1.0,2.0,10.5,2478,5,1924,21,1200,75.0,1539.3125,0.7764326069410815,384.6875,OWN,1
CS2CNC,CNNSA,2,,,4.0,2.0,18.0,2.0,111.0,15.6,2478,5,1924,21,1050,58.333333333333336,1539.3125,0.7764326069410815,384.6875,OWN,1
CS2CNC,IDJKT,3,,,5.0,2.0,30.0,1.0,19.0,12.0,2478,5,1924,21,1050,35.0,1539.3125,0.7764326069410815,384.6875,OWN,1
CS2CNC,IDSRG,4,,,7.0,2.0,18.0,1.0,11.0,14.8,2478,5,1924,21,450,25.0,1539.3125,0.7764326069410815,384.6875,OWN,1
CS2CNC,IDSUB,5,,,0.0,3.0,20.0,2.0,51.0,15.0,2478,5,1924,21,700,35.0,1539.3125,0.7764326069410815,384.6875,OWN,1
CS2CNC,SGSIN,6,,,12.0,2.0,14.0,1.0,13.0,13.7,2478,5,1924,21,500,35.714285714285715,1539.3125,0.7764326069410815,384.6875,OWN,1
CS2CNC,MYPKG,7,,,5.0,1.0,20.0,1.0,105.0,15.6,2478,5,1924,21,1150,57.5,1539.3125,0.7764326069410815,384.6875,OWN,1
CSE1CNC,CNDLC,1,0.0,4.0,6.0,2.0,24.0,1.0,23.0,12.0,1756,4,1380,35,900,37.5,1069.75,0.785876993166287,310.25,OWN,0
CSE1CNC,KRICH,2,,,0.0,3.0,5.0,2.0,28.0,16.5,1756,4,1380,35,100,20.0,1069.75,0.785876993166287,310.25,OWN,0
CSE1CNC,CNSHA,3,,,23.0,4.0,12.0,4.0,11.0,14.0,1756,4,1380,35,600,50.0,1069.75,0.785876993166287,310.25,OWN,0
CSE1CNC,CNNGB,4,,,24.0,3.0,10.0,3.0,140.0,15.0,1756,4,1380,35,500,50.0,1069.75,0.785876993166287,310.25,OWN,0
CSE1CNC,THLCH,5,,,0.0,2.0,13.0,1.0,1.0,13.0,1756,4,1380,35,600,46.15384615384615,1069.75,0.785876993166287,310.25,OWN,0
CSE1CNC,THBKK,6,,,24.0,4.0,30.0,3.0,1.0,13.0,1756,4,1380,35,450,15.0,1069.75,0.785876993166287,310.25,OWN,0
CSE1CNC,THLCH,7,,,6.0,2.0,17.0,1.0,86.0,16.5,1756,4,1380,35,1000,58.8235294117647,1069.75,0.785876993166287,310.25,OWN,0
CSE1CNC,PHMNL,8,,,6.0,2.0,22.0,1.0,51.0,13.4,1756,4,1380,35,1200,54.54545454545455,1069.75,0.785876993166287,310.25,OWN,0
CSE1CNC,VNUIH,9,,,3.0,2.0,13.0,2.0,10.0,14.0,1756,4,1380,35,200,15.384615384615383,1069.75,0.785876993166287,310.25,OWN,0
CSE1CNC,VNC8Q,10,,,8.0,1.0,20.0,1.0,120.0,13.5,1756,4,1380,35,600,30.0,1069.75,0.785876993166287,310.25,OWN,0
CSE1CNC,KRPUS,11,,,3.0,2.0,22.0,1.0,31.0,16.5,1756,4,1380,35,800,36.36363636363637,1069.75,0.785876993166287,310.25,OWN,0
CT8CNC,CNSHA,1,6.0,10.0,26.0,4.0,24.0,4.0,11.0,14.0,3421,6,2506,21,1700,70.83333333333333,1916.0,,,VSA,0
CT8CNC,CNNGB,2,2.0,7.0,6.0,3.0,17.0,3.0,136.0,15.5,3421,6,2506,21,1200,70.58823529411765,1916.0,,,VSA,0
CT8CNC,THLCH,3,2.0,4.0,1.0,2.0,30.0,1.0,86.0,15.3,3421,6,2506,21,1800,60.0,1916.0,,,VSA,0
CT8CNC,VNHPH,4,0.0,4.0,12.0,2.0,19.0,2.0,11.0,14.4,3421,6,2506,21,1500,78.94736842105263,1916.0,,,VSA,0
CT8CNC,CNYPG,5,2.0,2.0,0.0,2.0,14.0,1.0,87.0,13.5,3421,6,2506,21,500,35.714285714285715,1916.0,,,VSA,0
CV8CNC,CNSHA,1,4.0,22.0,16.0,4.0,20.0,4.0,10.0,15.4,1860,4,1300,14,1100,55.0,1185.0,0.6989247311827957,115.0,OWN,0
CV8CNC,CNNGB,2,,,12.0,3.0,18.0,3.0,99.0,15.0,1860,4,1300,14,650,36.11111111111112,1185.0,0.6989247311827957,115.0,OWN,0
CV8CNC,VNSGN,3,,,3.0,4.0,25.0,3.0,112.0,14.8,1860,4,1300,14,1750,70.0,1185.0,0.6989247311827957,115.0,OWN,0
HSF1CNC,SGSIN,1,0.0,15.0,11.0,2.0,34.0,1.0,97.0,13.5,1827,4,1311,21,1400,41.1764705882353,412.4,,,VSA,0
HSF1CNC,VNHPH,2,6.0,16.0,0.0,3.0,30.0,3.0,83.0,15.7,1827,4,1311,21,1400,46.66666666666666,412.4,,,VSA,0
HSF1CNC,SGSIN,3,4.0,15.0,11.0,2.0,30.0,1.0,87.0,15.0,1827,4,1311,21,1400,46.66666666666666,412.4,,,VSA,0
HSF1CNC,VNHPH,4,3.0,2.0,0.0,3.0,24.0,3.0,79.0,16.5,1827,4,1311,21,1400,58.333333333333336,412.4,,,VSA,0
IDBLWCNC,SGSIN,1,2.0,4.0,0.0,2.0,22.0,1.0,14.0,13.0,1528,4,1224,7,1100,50.0,1228.0,0.8010471204188482,0.0,FIX,0
IDBLWCNC,MYPKG,2,,,8.0,1.0,14.0,1.0,13.0,13.0,1528,4,1224,7,500,35.714285714285715,1228.0,0.8010471204188482,0.0,FIX,0
IDBLWCNC,IDBLW,3,,,21.0,2.0,44.0,1.0,24.0,14.0,1528,4,1224,7,1350,30.681818181818183,1228.0,0.8010471204188482,0.0,FIX,0
JPXSCNC,JPTYO,1,6.0,7.0,0.0,2.0,22.0,1.0,1.0,3.0,4275,7,2795,28,1050,47.72727272727273,2773.3333333333335,0.6538011695906433,21.666666666666515,OWN,1
JPXSCNC,JPYOK,2,,,0.0,1.0,21.0,1.0,7.0,13.2,4275,7,2795,28,900,42.85714285714285,2773.3333333333335,0.6538011695906433,21.666666666666515,OWN,1
JPXSCNC,JPOMZ,3,,,7.0,1.0,9.0,1.0,8.0,12.0,4275,7,2795,28,300,33.333333333333336,2773.3333333333335,0.6538011695906433,21.666666666666515,OWN,1
JPXSCNC,JPYKK,4,,,3.0,3.0,7.0,0.0,2.0,13.7,4275,7,2795,28,180,25.714285714285715,2773.3333333333335,0.6538011695906433,21.666666666666515,OWN,1
JPXSCNC,JPNGO,5,,,0.0,1.0,22.0,0.5,15.0,16.1,4275,7,2795,28,1050,47.72727272727273,2773.3333333333335,0.6538011695906433,21.666666666666515,OWN,1
JPXSCNC,JPUKB,6,,,0.0,0.5,19.0,3.0,162.0,16.5,4275,7,2795,28,780,41.05263157894737,2773.3333333333335,0.6538011695906433,21.666666666666515,OWN,1
JPXSCNC,SGSIN,7,,,0.0,2.0,25.0,1.0,12.0,14.9,4275,7,2795,28,2000,80.0,2773.3333333333335,0.6538011695906433,21.666666666666515,OWN,1
JPXSCNC,MYPKG,8,,,0.0,1.0,23.0,1.0,109.0,13.7,4275,7,2795,28,1300,56.52173913043478,2773.3333333333335,0.6538011695906433,21.666666666666515,OWN,1
JPXSCNC,PHMNL,9,,,27.0,2.0,29.0,1.0,119.0,14.5,4275,7,2795,28,1300,44.82758620689656,2773.3333333333335,0.6538011695906433,21.666666666666515,OWN,1
JTVSCNC,JPTYO,1,3.0,8.0,0.0,2.0,11.0,0.5,1.0,3.3,1930,4,1338,28,550,50.0,1346.875,0.6932642487046632,0.0,OWN,1
JTVSCNC,JPYOK,2,,,0.0,0.5,11.0,1.0,11.0,13.636363636363637,1930,4,1338,28,400,36.36363636363637,1346.875,0.6932642487046632,0.0,OWN,1
JTVSCNC,JPNGO,3,,,12.0,4.0,12.0,3.0,16.0,14.6,1930,4,1338,28,380,31.666666666666668,1346.875,0.6932642487046632,0.0,OWN,1
JTVSCNC,JPUKB,4,,,0.0,3.0,12.0,2.0,26.0,16.5,1930,4,1338,28,480,40.0,1346.875,0.6932642487046632,0.0,OWN,1
JTVSCNC,KRPUS,5,,,0.0,1.0,14.0,1.0,6.0,16.0,1930,4,1338,28,650,46.42857142857143,1346.875,0.6932642487046632,0.0,OWN,1
JTVSCNC,KRKAN,6,,,4.0,2.0,12.0,1.0,52.0,16.5,1930,4,1338,28,800,66.66666666666667,1346.875,0.6932642487046632,0.0,OWN,1
JTVSCNC,TWKHH,7,,,0.0,2.0,12.0,1.0,52.0,15.1,1930,4,1338,28,400,33.333333333333336,1346.875,0.6932642487046632,0.0,OWN,1
JTVSCNC,VNC8Q,8,,,0.0,1.0,17.0,1.0,67.0,14.5,1930,4,1338,28,600,35.294117647058826,1346.875,0.6932642487046632,0.0,OWN,1
JTVSCNC,THLCH,9,,,6.0,2.0,28.0,1.0,40.0,15.5,1930,4,1338,28,1200,42.85714285714285,1346.875,0.6932642487046632,0.0,OWN,1
JTVSCNC,VNSGN,10,,,0.0,4.0,15.0,3.0,86.0,15.0,1930,4,1338,28,400,26.666666666666668,1346.875,0.6932642487046632,0.0,OWN,1
JTVSCNC,TWKEL,11,,,15.0,1.0,17.0,1.0,79.0,14.6,1930,4,1338,28,400,23.529411764705884,1346.875,0.6932642487046632,0.0,OWN,1
JTXCNC,JPTYO,1,0.0,21.0,2.0,2.0,21.0,0.5,1.0,6.0,2954,5,2314,28,1000,47.61904761904762,952.8571428571429,,,VSA,0
JTXCNC,JPYOK,2,1.0,23.5,0.0,0.5,10.0,1.5,11.0,13.4,2954,5,2314,28,700,70.0,952.8571428571429,,,VSA,0
JTXCNC,JPNGO,3,2.0,22.5,0.0,3.0,10.0,0.0,12.0,13.8,2954,5,2314,28,500,50.0,952.8571428571429,,,VSA,0
JTXCNC,JPOSA,4,3.0,23.5,0.0,2.0,10.0,0.25,1.0,6.0,2954,5,2314,28,450,45.0,952.8571428571429,,,VSA,0
JTXCNC,JPUKB,5,4.0,12.75,8.0,0.25,20.0,3.0,88.0,16.2,2954,5,2314,28,650,32.5,952.8571428571429,,,VSA,0
JTXCNC,CNSHK,6,2.0,12.0,12.0,2.0,23.0,2.0,1.0,10.0,2954,5,2314,28,1400,60.869565217391305,952.8571428571429,,,VSA,0
JTXCNC,CNNSA,7,4.0,4.0,6.0,1.0,15.0,2.0,95.0,16.2,2954,5,2314,28,600,40.0,952.8571428571429,,,VSA,0
JTXCNC,THLCH,8,2.0,3.0,10.0,2.0,50.0,1.0,99.0,14.8,2954,5,2314,28,2600,52.0,952.8571428571429,,,VSA,0
JTXCNC,HKHKG,9,1.0,21.0,0.0,2.0,15.0,2.0,1.0,12.0,2954,5,2314,28,450,30.0,952.8571428571429,,,VSA,0
JTXCNC,CNSHK,10,2.0,17.0,0.0,2.0,13.0,2.0,107.0,14.9,2954,5,2314,28,600,46.15384615384615,952.8571428571429,,,VSA,0
KCM2CNC,CNTXG,1,6.0,14.0,20.0,3.0,36.0,3.0,47.0,13.9,4256,7,2794,42,3740,103.88888888888889,2555.1428571428573,0.6564849624060151,238.85714285714266,OWN,0
KCM2CNC,KRPUS,2,,,6.0,1.0,15.0,1.0,29.0,16.3,4256,7,2794,42,790,52.66666666666666,2555.1428571428573,0.6564849624060151,238.85714285714266,OWN,0
KCM2CNC,CNTAO,3,,,4.0,2.0,17.0,1.0,23.0,16.7,4256,7,2794,42,1220,71.76470588235294,2555.1428571428573,0.6564849624060151,238.85714285714266,OWN,0
KCM2CNC,CNSHA,4,,,0.0,4.0,80.0,4.0,43.0,10.0,4256,7,2794,42,560,50.90909090909091,2555.1428571428573,0.6564849624060151,238.85714285714266,OWN,0
KCM2CNC,CNSWA,5,,,0.0,2.0,8.0,1.0,13.0,14.9,4256,7,2794,42,240,30.0,2555.1428571428573,0.6564849624060151,238.85714285714266,OWN,0
KCM2CNC,CNSHK,6,,,8.0,2.0,17.0,2.0,100.0,16.4,4256,7,2794,42,710,41.76470588235294,2555.1428571428573,0.6564849624060151,238.85714285714266,OWN,0
KCM2CNC,MYPKG,7,,,5.0,1.0,21.0,1.0,12.0,16.2,4256,7,2794,42,1180,56.19047619047619,2555.1428571428573,0.6564849624060151,238.85714285714266,OWN,0
KCM2CNC,MYPEN,8,,,11.0,2.0,32.0,1.0,12.0,16.3,4256,7,2794,42,1770,55.3125,2555.1428571428573,0.6564849624060151,238.85714285714266,OWN,0
KCM2CNC,MYPKG,9,,,5.0,1.0,24.0,1.0,11.0,15.6,4256,7,2794,42,1180,49.16666666666666,2555.1428571428573,0.6564849624060151,238.85714285714266,OWN,0
KCM2CNC,SGSIN,10,,,26.0,2.0,19.0,1.0,87.0,16.3,4256,7,2794,42,950,50.0,2555.1428571428573,0.6564849624060151,238.85714285714266,OWN,0
KCM2CNC,CNNSA,11,,,4.0,2.0,14.0,2.0,61.0,14.7,4256,7,2794,42,770,55.0,2555.1428571428573,0.6564849624060151,238.85714285714266,OWN,0
KCM2CNC,CNSHA,12,,,24.0,4.0,14.0,4.0,23.0,16.0,4256,7,2794,42,950,67.85714285714286,2555.1428571428573,0.6564849624060151,238.85714285714266,OWN,0
KCM2CNC,CNTAO,13,,,35.0,2.0,14.0,1.0,37.0,13.0,4256,7,2794,42,970,69.28571428571429,2555.1428571428573,0.6564849624060151,238.85714285714266,OWN,0
KCSCNC,CNTXG,1,4.0,10.0,11.0,3.0,17.0,3.0,12.0,15.5,7378,8,4951,35,1000,58.8235294117647,2491.9387755714283,0.6710490647872052,2459.0612244285717,OWN,0
KCSCNC,CNDLC,2,,,6.0,2.0,14.0,1.0,24.0,14.0,7378,8,4951,35,1070,76.42857142857143,2491.9387755714283,0.6710490647872052,2459.0612244285717,OWN,0
KCSCNC,CNLYG,3,,,6.0,2.0,16.0,1.0,6.0,14.0,7378,8,4951,35,800,50.0,2491.9387755714283,0.6710490647872052,2459.0612244285717,OWN,0
KCSCNC,CNTAO,4,,,11.0,2.0,32.0,1.0,186.0,13.6,7378,8,4951,35,3200,100.0,2491.9387755714283,0.6710490647872052,2459.0612244285717,OWN,0
KCSCNC,SGSIN,5,,,7.0,2.0,23.0,1.0,38.0,15.0,7378,8,4951,35,1700,73.91304347826087,2491.9387755714283,0.6710490647872052,2459.0612244285717,OWN,0
KCSCNC,IDJKT,6,,,3.0,2.0,31.0,1.0,23.0,15.5,7378,8,4951,35,2200,70.96774193548387,2491.9387755714283,0.6710490647872052,2459.0612244285717,OWN,0
KCSCNC,IDSUB,7,,,0.0,3.0,28.0,2.0,131.0,11.1,7378,8,4951,35,1700,60.71428571428572,2491.9387755714283,0.6710490647872052,2459.0612244285717,OWN,0
KCSCNC,PHMNL,8,,,23.0,2.0,42.0,1.0,121.0,14.0,7378,8,4951,35,2500,59.523809523809526,2491.9387755714283,0.6710490647872052,2459.0612244285717,OWN,0
LCXP2CNC,SGSIN,1,0.0,14.0,1.0,2.0,27.0,1.0,52.0,15.5,2058,5,1567,7,1500,55.55555555555556,1325.0,0.761418853255588,242.0,FIX,1
LCXP2CNC,THLCH,2,,,1.0,2.0,30.0,1.0,51.0,15.8,2058,5,1567,7,1500,50.0,1325.0,0.761418853255588,242.0,FIX,1
LCXPCNC,SGSIN,1,2.0,0.0,0.0,2.0,28.0,1.0,52.0,15.5,1675,4,1286,7,1550,55.35714285714285,1275.0,0.7677611940298508,11.0,FIX,1
LCXPCNC,THLCH,2,,,0.0,1.0,32.0,1.0,51.0,15.9,1675,4,1286,7,1550,48.4375,1275.0,0.7677611940298508,11.0,FIX,1
LVMXCNC,PHMNL,1,5.0,15.0,7.0,2.0,24.0,1.0,32.0,12.9,1037,3,630,7,700,29.166666666666668,700.0,0.6075216972034716,0.0,FIX,0
LVMXCNC,PHCGY,2,,,0.0,2.0,20.0,2.0,10.0,13.0,1037,3,630,7,360,18.0,700.0,0.6075216972034716,0.0,FIX,0
LVMXCNC,PHCEB,3,,,13.0,2.0,20.0,2.0,31.0,12.8,1037,3,630,7,340,17.0,700.0,0.6075216972034716,0.0,FIX,0
MCTCNC,CNNGB,1,1.0,2.0,3.0,3.0,9.0,3.0,10.0,15.0,1195,3,1120,7,430,47.77777777777778,938.75,0.9372384937238494,181.25,OWN,1
MCTCNC,CNSHA,2,,,4.0,4.0,10.0,4.0,34.0,12.0,1195,3,1120,7,600,60.0,938.75,0.9372384937238494,181.25,OWN,1
MCTCNC,TWKEL,3,,,5.0,1.0,8.0,1.0,9.0,16.0,1195,3,1120,7,380,47.5,938.75,0.9372384937238494,181.25,OWN,1
MCTCNC,TWTXG,4,,,0.0,1.0,10.0,0.0,8.0,16.8,1195,3,1120,7,400,40.0,938.75,0.9372384937238494,181.25,OWN,1
MCTCNC,TWKHH,5,,,0.0,1.0,10.0,1.0,29.0,16.2,1195,3,1120,7,500,50.0,938.75,0.9372384937238494,181.25,OWN,1
NCXCNC,CNTXG,1,4.0,21.0,13.0,3.0,14.0,3.0,12.0,14.9,2822,5,2300,21,750,53.57142857142857,2106.5,0.815024805102764,193.5,OWN,1
NCXCNC,CNDLC,2,,,12.0,2.0,12.0,1.0,20.0,16.1,2822,5,2300,21,700,58.333333333333336,2106.5,0.815024805102764,193.5,OWN,1
NCXCNC,CNTAO,3,,,8.0,2.0,17.0,1.0,5.0,15.4,2822,5,2300,21,1300,76.47058823529412,2106.5,0.815024805102764,193.5,OWN,1
NCXCNC,CNLYG,4,,,6.0,2.0,6.0,1.0,70.0,16.2,2822,5,2300,21,350,58.333333333333336,2106.5,0.815024805102764,193.5,OWN,1
NCXCNC,HKHKG,5,,,0.0,2.0,10.0,1.0,1.0,7.0,2822,5,2300,21,300,30.0,2106.5,0.815024805102764,193.5,OWN,1
NCXCNC,CNSHK,6,,,0.0,1.0,14.0,2.0,54.0,16.5,2822,5,2300,21,850,60.71428571428572,2106.5,0.815024805102764,193.5,OWN,1
NCXCNC,VNSGN,7,,,12.0,4.0,24.0,3.0,53.0,16.6,2822,5,2300,21,2300,95.83333333333331,2106.5,0.815024805102764,193.5,OWN,1
NCXCNC,CNSHK,8,,,0.0,2.0,12.0,2.0,97.0,14.8,2822,5,2300,21,700,58.333333333333336,2106.5,0.815024805102764,193.5,OWN,1
NPFCNC,KRPUS,1,5.0,15.0,0.0,2.0,16.0,1.0,27.0,11.5,1032,3,920,7,500,31.25,637.5,0.8914728682170543,282.5,OWN,0
NPFCNC,JPSBS,2,,,13.0,2.0,3.0,2.0,15.0,10.3,1032,3,920,7,50,16.666666666666668,637.5,0.8914728682170543,282.5,OWN,0
NPFCNC,JPOIT,3,,,4.0,1.0,4.0,1.0,5.0,12.3,1032,3,920,7,70,17.5,637.5,0.8914728682170543,282.5,OWN,0
NPFCNC,JPMOJ,4,,,4.0,2.0,6.0,1.0,5.0,11.0,1032,3,920,7,80,13.333333333333334,637.5,0.8914728682170543,282.5,OWN,0
NPFCNC,JPHKT,5,,,2.0,1.0,8.0,1.0,10.0,13.9,1032,3,920,7,130,16.25,637.5,0.8914728682170543,282.5,OWN,0
NPFCNC,KRKAN,6,,,7.0,2.0,15.0,1.0,7.0,13.7,1032,3,920,7,400,26.666666666666668,637.5,0.8914728682170543,282.5,OWN,0
RMNCNC,SGSIN,1,6.0,2.0,15.0,2.0,24.0,1.0,12.0,14.3,2126,5,1572,14,850,35.416666666666664,800.0,,,VSA,0
RMNCNC,MYPKG,2,1.0,8.0,19.0,1.0,25.0,1.0,90.0,16.5,2126,5,1572,14,800,32.0,800.0,,,VSA,0
RMNCNC,PHMNL,3,0.0,0.0,12.0,2.0,23.0,1.0,5.0,12.0,2126,5,1572,14,1200,52.17391304347826,800.0,,,VSA,0
RMNCNC,PHSFS,4,1.0,19.0,0.5,2.0,20.0,1.5,79.0,16.5,2126,5,1572,14,320,16.0,800.0,,,VSA,0
SGS2CNC,SGSIN,1,3.0,12.0,9.0,2.0,34.0,1.0,38.0,16.4,1528,4,1224,7,1700,50.0,1242.857142857143,0.8010471204188482,0.0,FIX,0
SGS2CNC,VNVUT,2,,,20.0,2.0,22.0,2.0,38.0,16.4,1528,4,1224,7,1600,72.72727272727273,1242.857142857143,0.8010471204188482,0.0,FIX,0
SGSCNC,SGSIN,1,6.0,23.0,15.0,1.0,34.0,1.0,39.0,16.0,2126,5,1572,7,2700,79.41176470588235,1560.0,0.7394167450611477,12.0,FIX,0
SGSCNC,VNVUT,2,,,10.0,4.0,21.0,2.0,41.0,15.2,2126,5,1572,7,1800,85.71428571428571,1560.0,0.7394167450611477,12.0,FIX,0
SP8CNC,SGSIN,1,4.0,8.0,12.0,2.0,20.0,1.0,114.0,13.4,1114,3,688,14,800,40.0,665.0,0.6175942549371634,23.0,FIX,0
SP8CNC,PHDVO,2,,,0.0,2.0,28.0,1.0,12.0,12.9,1114,3,688,14,500,17.857142857142858,665.0,0.6175942549371634,23.0,FIX,0
SP8CNC,PHGES,3,,,6.0,2.0,30.0,1.0,105.0,13.5,1114,3,688,14,300,10.0,665.0,0.6175942549371634,23.0,FIX,0
TIX2CNC,THBKK,1,4.0,10.0,12.0,4.0,24.0,3.0,2.0,6.85,1952,4,1300,14,500,20.83333333333333,575.0,,,VSA,0
TIX2CNC,THLCH,2,6.0,7.0,0.0,2.0,9.0,1.0,57.0,14.2,1952,4,1300,14,450,50.0,575.0,,,VSA,0
TIX2CNC,SGSIN,3,2.0,4.0,6.0,2.0,16.0,1.0,41.0,13.95,1952,4,1300,14,800,50.0,575.0,,,VSA,0
TIX2CNC,IDJKT,4,4.0,22.0,16.0,2.0,24.0,1.0,38.0,15.0,1952,4,1300,14,950,39.583333333333336,575.0,,,VSA,0
TIX2CNC,SGSIN,5,1.0,7.0,3.0,2.0,14.0,1.0,55.0,14.9,1952,4,1300,14,1000,71.42857142857143,575.0,,,VSA,0
YCXCNC,SGSIN,1,4.0,15.0,17.0,2.0,14.0,1.0,14.0,12.8,1827,4,1311,28,650,46.42857142857143,966.2857142857143,0.7175697865353038,344.71428571428567,OWN,0
YCXCNC,MYPKG,2,,,0.0,1.0,16.0,1.0,72.0,12.3,1827,4,1311,28,650,40.625,966.2857142857143,0.7175697865353038,344.71428571428567,OWN,0
YCXCNC,MMRGN,3,,,9.0,4.0,83.0,2.0,68.0,10.0,1827,4,1311,28,650,27.08333333333333,966.2857142857143,0.7175697865353038,344.71428571428567,OWN,0
YCXCNC,MYPKG,4,,,26.0,1.0,18.0,1.0,71.0,14.0,1827,4,1311,28,800,44.44444444444444,966.2857142857143,0.7175697865353038,344.71428571428567,OWN,0
YCXCNC,THBKK,5,,,14.0,4.0,14.0,2.0,1.0,13.7,1827,4,1311,28,500,35.714285714285715,966.2857142857143,0.7175697865353038,344.71428571428567,OWN,0
YCXCNC,THLCH,6,,,6.0,2.0,18.0,1.0,50.0,13.8,1827,4,1311,28,700,38.888888888888886,966.2857142857143,0.7175697865353038,344.71428571428567,OWN,0
YCXCNC,VNVUT,7,,,1.0,4.0,12.0,3.0,28.0,14.6,1827,4,1311,28,600,50.0,966.2857142857143,0.7175697865353038,344.71428571428567,OWN,0
YCXCNC,KHKOS,8,,,10.0,2.0,23.0,1.0,55.0,11.6,1827,4,1311,28,800,34.78260869565217,966.2857142857143,0.7175697865353038,344.71428571428567,OWN,0
YSXCNC,SGSIN,1,6.0,9.5,20.5,2.0,18.0,1.0,80.0,13.0,1367,3,1120,21,650,36.11111111111112,313.6875,,,VSA,0
YSXCNC,MMRGN,2,4.0,11.0,0.0,2.0,79.5,0.5,65.0,11.0,1367,3,1120,21,400,20.0,313.6875,,,VSA,0
YSXCNC,MYPKG,3,3.0,14.0,4.0,1.0,20.0,1.0,65.0,13.5,1367,3,1120,21,800,40.0,313.6875,,,VSA,0
YSXCNC,MMRGN,4,0.0,9.0,20.0,1.5,44.0,2.0,77.0,13.5,1367,3,1120,21,800,18.181818181818183,313.6875,,,VSA,0
