POL_POD,TD_Exp,TH_Exp,TEUS
BDCGP-CNNGB,19,0,1
BDCGP-CNSHA,21,0,70
BDCGP-CNSHA,21,12,5
BDCGP-CNSHK,25,0,4
BDCGP-CNTAO,22,12,3
BDCGP-JPNGO,35,12,1
BDCGP-JPTYO,31,12,4
BDCGP-JPUKB,37,0,1
BDCGP-JPUKB,39,12,1
BDCGP-JPYOK,35,0,2
BDCGP-MYPKG,9,12,431
BDCGP-MYPKG,13,0,88
BDCGP-PHDVO,24,12,1
BDCGP-PHMNL,25,12,7
BDCGP-PHMNL,28,0,8
BDCGP-PHSFS,20,0,1
BDCGP-SGSIN,8,12,998
BDCGP-SGSIN,10,12,595
BDCGP-THLCH,17,0,1
BDCGP-THLCH,19,12,2
BDCGP-TWKHH,18,12,6
BDCGP-TWKHH,21,0,9
BDCGP-VNHPH,21,12,1
BDCGP-VNSGN,12,12,8
CNDLC-BDCGP,28,12,3
CNDLC-BDCGP,31,12,10
CNDLC-CNNGB,7,12,3
CNDLC-CNNSA,16,0,55
CNDLC-CNSHA,5,12,458
CNDLC-CNSHK,14,0,124
CNDLC-CNTAO,5,0,145
CNDLC-CNTAO,7,0,264
CNDLC-IDBLW,22,12,6
CNDLC-IDJKT,17,12,151
CNDLC-IDSRG,29,0,2
CNDLC-IDSUB,19,12,88
CNDLC-KHKOS,38,0,4
CNDLC-MMRGN,29,0,3
CNDLC-MMRGN,29,12,7
CNDLC-MYPKG,22,0,5
CNDLC-MYPKG,23,0,2
CNDLC-MYPKG,27,0,51
CNDLC-PHBTG,27,12,5
CNDLC-PHCEB,30,0,1
CNDLC-PHCGY,32,0,1
CNDLC-PHDVO,26,0,4
CNDLC-PHMNL,22,0,106
CNDLC-PHSFS,25,0,3
CNDLC-SGSIN,14,0,131
CNDLC-SGSIN,19,12,1
CNDLC-THBKK,16,12,11
CNDLC-THLCH,14,0,90
CNDLC-VNHPH,30,12,2
CNLYG-BDCGP,31,12,2
CNLYG-CNSHK,14,0,3
CNLYG-CNTAO,3,0,263
CNLYG-IDJKT,15,12,217
CNLYG-IDSUB,17,12,100
CNLYG-MMRGN,27,0,3
CNLYG-MMRGN,27,12,3
CNLYG-MYPKG,20,0,3
CNLYG-PHDVO,25,12,11
CNLYG-PHGES,26,12,1
CNLYG-PHMNL,21,12,1
CNLYG-PHMNL,26,0,1
CNLYG-SGSIN,12,0,59
CNNGB-BDCGP,20,0,257
CNNGB-IDJKT,12,12,428
CNNGB-IDSUB,16,12,70
CNNGB-MMRGN,25,12,5
CNNGB-MYPKG,12,0,265
CNNGB-PHMNL,7,12,207
CNNGB-THBKK,9,12,42
CNNGB-THLCH,7,0,251
CNNGB-THLCH,8,0,705
CNNGB-TWKEL,4,0,95
CNNGB-TWKHH,5,12,22
CNNGB-TWTXG,5,0,57
CNNGB-VNHPH,13,0,69
CNNGB-VNSGN,6,12,388
CNNSA-BDCGP,15,12,178
CNNSA-IDBLW,19,0,1
CNNSA-IDBLW,29,12,4
CNNSA-IDJKT,7,0,50
CNNSA-IDJKT,13,12,153
CNNSA-IDSRG,9,0,87
CNNSA-IDSUB,10,12,91
CNNSA-KRPUS,15,12,16
CNNSA-MMRGN,18,12,5
CNNSA-MMRGN,21,12,3
CNNSA-MYPEN,10,12,51
CNNSA-MYPEN,13,12,2
CNNSA-MYPKG,8,0,110
CNNSA-MYPKG,9,0,293
CNNSA-PHBTG,3,12,25
CNNSA-PHCEB,6,0,144
CNNSA-PHCGY,8,0,96
CNNSA-PHDVO,9,0,166
CNNSA-PHDVO,10,12,59
CNNSA-PHMNL,4,12,128
CNNSA-PHMNL,6,12,396
CNNSA-PHSFS,5,12,54
CNNSA-SGSIN,6,0,91
CNNSA-SGSIN,16,0,37
CNNSA-SGSIN,22,12,32
CNNSA-THLCH,7,12,305
CNNSA-THLCH,16,12,11
CNNSA-THLCH,18,0,12
CNNSA-THLCH,28,0,9
CNNSA-THLCH,31,12,12
CNQZJ-IDJKT,10,0,52
CNQZJ-IDSUB,14,0,23
CNSHA-BDCGP,17,12,318
CNSHA-CNSHK,7,12,14
CNSHA-CNTAO,4,0,374
CNSHA-CNTXG,8,0,204
CNSHA-IDBLW,28,0,1
CNSHA-IDJKT,15,0,698
CNSHA-IDSUB,19,12,139
CNSHA-MMRGN,23,0,4
CNSHA-MMRGN,23,12,2
CNSHA-MMRGN,27,0,9
CNSHA-MYPEN,15,0,56
CNSHA-MYPEN,15,12,141
CNSHA-MYPKG,9,12,74
CNSHA-MYPKG,12,12,82
CNSHA-MYPKG,13,0,461
CNSHA-PHBTG,20,12,4
CNSHA-PHCEB,23,0,6
CNSHA-PHCGY,25,0,1
CNSHA-PHDVO,20,12,2
CNSHA-PHDVO,21,12,6
CNSHA-PHMNL,9,12,481
CNSHA-SGSIN,10,12,91
CNSHA-SGSIN,19,12,177
CNSHA-THBKK,12,0,152
CNSHA-THLCH,9,12,338
CNSHA-THLCH,10,0,743
CNSHA-THLCH,26,12,1
CNSHA-THLCH,32,0,2
CNSHA-TWKEL,3,0,361
CNSHA-TWKHH,4,12,131
CNSHA-TWTXG,3,12,151
CNSHA-VNHPH,15,0,78
CNSHA-VNNGH,25,12,37
CNSHA-VNSGN,8,12,451
CNSHA-VNVUT,20,12,8
CNSHK-BDCGP,14,12,432
CNSHK-HKHKG,1,12,9
CNSHK-HKHKG,2,0,11
CNSHK-IDJKT,8,12,58
CNSHK-IDJKT,15,0,156
CNSHK-IDSRG,10,0,66
CNSHK-IDSUB,11,12,82
CNSHK-JPNGO,8,0,11
CNSHK-JPNGO,12,0,1
CNSHK-JPOSA,9,0,1
CNSHK-JPTYO,6,12,24
CNSHK-JPTYO,10,12,5
CNSHK-JPTYO,14,0,1
CNSHK-JPUKB,10,0,6
CNSHK-JPUKB,14,12,1
CNSHK-JPYOK,7,0,10
CNSHK-MMRGN,20,12,10
CNSHK-MMRGN,23,0,3
CNSHK-MMRGN,27,12,11
CNSHK-MYPEN,8,12,200
CNSHK-MYPKG,6,12,160
CNSHK-MYPKG,10,12,239
CNSHK-PHBTG,5,12,112
CNSHK-PHCEB,8,0,123
CNSHK-PHCGY,10,0,120
CNSHK-PHDVO,10,12,108
CNSHK-PHDVO,12,0,54
CNSHK-PHGES,29,12,1
CNSHK-PHMNL,6,0,186
CNSHK-PHMNL,8,12,413
CNSHK-PHSFS,7,0,101
CNSHK-SGSIN,13,0,46
CNSHK-SGSIN,15,12,6
CNSHK-SGSIN,17,12,39
CNSHK-SGSIN,21,12,29
CNSHK-THLCH,9,0,191
CNSHK-THLCH,29,12,13
CNSHK-VNDAD,20,0,3
CNSHK-VNSGN,17,12,2
CNSWA-CNNSA,4,0,42
CNSWA-CNSHK,2,12,170
CNSWA-IDJKT,8,12,68
CNSWA-IDSUB,12,12,3
CNSWA-MYPEN,10,0,26
CNSWA-MYPKG,7,12,40
CNSWA-MYPKG,16,12,1
CNSWA-PHCGY,19,12,1
CNSWA-PHDVO,14,0,15
CNSWA-PHDVO,17,0,3
CNSWA-PHMNL,10,0,31
CNSWA-SGSIN,14,12,16
CNTAO-BDCGP,25,0,7
CNTAO-CNNSA,9,12,2
CNTAO-CNSHK,8,0,101
CNTAO-CNTXG,5,0,1
CNTAO-IDBLW,19,0,2
CNTAO-IDBLW,23,0,1
CNTAO-IDJKT,14,0,320
CNTAO-IDSRG,23,0,3
CNTAO-IDSUB,16,0,324
CNTAO-KHKOS,27,12,2
CNTAO-MMRGN,25,12,2
CNTAO-MMRGN,29,0,4
CNTAO-MYPEN,17,12,165
CNTAO-MYPKG,15,0,363
CNTAO-PHBTG,21,0,11
CNTAO-PHCEB,24,0,4
CNTAO-PHCGY,25,12,16
CNTAO-PHDVO,19,12,57
CNTAO-PHDVO,22,12,2
CNTAO-PHGES,25,0,3
CNTAO-PHGES,35,12,3
CNTAO-PHMNL,15,12,217
CNTAO-PHSFS,19,0,1
CNTAO-SGSIN,10,12,540
CNTAO-SGSIN,21,12,28
CNTAO-THLCH,16,12,51
CNTAO-THLCH,18,0,13
CNTAO-VNDAD,22,12,2
CNTAO-VNHPH,22,12,4
CNTAO-VNHPH,27,0,1
CNTAO-VNVUT,16,12,5
CNTXG-BDCGP,29,0,10
CNTXG-BDCGP,30,0,12
CNTXG-CNSHA,11,12,266
CNTXG-CNSHK,12,0,187
CNTXG-CNTAO,5,0,246
CNTXG-CNTAO,6,12,289
CNTXG-CNTAO,7,0,298
CNTXG-IDBLW,24,12,2
CNTXG-IDJKT,19,0,126
CNTXG-IDSUB,21,0,122
CNTXG-IDSUB,28,12,2
CNTXG-KRPUS,4,12,669
CNTXG-MMRGN,30,12,10
CNTXG-MMRGN,31,0,17
CNTXG-MYPEN,23,12,13
CNTXG-MYPEN,27,0,3
CNTXG-MYPKG,21,0,85
CNTXG-MYPKG,23,12,5
CNTXG-MYPKG,25,0,4
CNTXG-PHBTG,25,12,7
CNTXG-PHCEB,28,0,2
CNTXG-PHCGY,29,12,2
CNTXG-PHDVO,23,12,26
CNTXG-PHDVO,26,12,6
CNTXG-PHGES,30,0,1
CNTXG-PHMNL,19,12,155
CNTXG-PHSFS,23,0,5
CNTXG-SGSIN,16,0,383
CNTXG-SGSIN,20,12,4
CNTXG-SGSIN,27,12,16
CNTXG-VNHPH,27,12,1
CNXMN-BDCGP,23,12,2
CNXMN-CNSHK,4,12,109
CNXMN-HKHKG,3,12,18
CNXMN-IDJKT,18,0,155
CNXMN-MMRGN,20,0,9
CNXMN-MMRGN,22,0,17
CNXMN-MMRGN,26,12,42
CNXMN-MYPEN,12,12,35
CNXMN-MYPKG,9,12,191
CNXMN-MYPKG,14,0,439
CNXMN-PHBTG,12,12,5
CNXMN-PHCEB,15,0,26
CNXMN-PHCGY,17,0,18
CNXMN-PHDVO,14,0,21
CNXMN-PHDVO,15,12,32
CNXMN-PHDVO,18,0,7
CNXMN-PHMNL,11,12,100
CNXMN-PHSFS,17,12,1
CNXMN-SGSIN,7,12,176
CNXMN-SGSIN,19,0,61
CNXMN-THLCH,16,12,3
CNXMN-THLCH,18,0,8
CNXMN-THLCH,31,12,16
CNXMN-VNVUT,18,0,30
CNYPG-THLCH,15,12,1
CNYPG-VNHPH,20,12,5
HKHKG-BDCGP,21,12,30
HKHKG-BDCGP,23,12,3
HKHKG-BDCGP,25,12,10
HKHKG-CNNSA,1,12,25
HKHKG-CNNSA,2,0,13
HKHKG-CNNSA,3,0,13
HKHKG-CNSHK,2,12,69
HKHKG-IDJKT,16,0,188
HKHKG-IDSUB,20,12,2
HKHKG-JPNGO,9,0,3
HKHKG-JPTYO,7,0,25
HKHKG-JPUKB,11,0,4
HKHKG-JPYOK,7,12,6
HKHKG-MYPEN,19,0,1
HKHKG-MYPKG,11,12,38
HKHKG-PHBTG,4,12,22
HKHKG-PHCEB,7,12,29
HKHKG-PHCGY,9,0,15
HKHKG-PHDVO,9,12,23
HKHKG-PHMNL,5,12,20
HKHKG-PHSFS,6,12,25
HKHKG-SGSIN,18,12,14
HKHKG-THLCH,24,0,3
IDBLW-CNDLC,29,0,1
IDBLW-CNLYG,31,0,5
IDBLW-CNSHA,16,12,3
IDBLW-CNTAO,20,0,1
IDBLW-JPNGO,26,0,1
IDBLW-JPUKB,27,12,2
IDBLW-JPYOK,23,0,2
IDBLW-KRPUS,34,0,1
IDBLW-MYPKG,5,12,53
IDBLW-PHMNL,16,12,2
IDBLW-SGSIN,4,0,328
IDBLW-SGSIN,15,0,1
IDBLW-THLCH,15,0,1
IDBLW-TWKHH,23,12,1
IDBLW-VNSGN,12,0,1
IDJKT-BDCGP,17,0,3
IDJKT-BDCGP,23,12,4
IDJKT-CNDLC,20,0,12
IDJKT-CNLYG,22,0,11
IDJKT-CNNGB,19,0,13
IDJKT-CNNSA,17,12,11
IDJKT-CNNSA,24,12,4
IDJKT-CNSHA,16,12,332
IDJKT-CNSHK,15,0,9
IDJKT-CNSHK,17,0,28
IDJKT-CNTAO,24,12,121
IDJKT-CNTXG,18,12,12
IDJKT-CNXMN,13,12,89
IDJKT-HKHKG,15,12,36
IDJKT-JPTYO,24,12,1
IDJKT-KHKOS,26,12,1
IDJKT-MMRGN,17,12,3
IDJKT-MMRGN,22,12,3
IDJKT-MYPEN,14,12,2
IDJKT-MYPKG,9,12,9
IDJKT-MYPKG,10,0,222
IDJKT-MYPKG,10,12,8
IDJKT-PHCEB,27,12,20
IDJKT-PHCGY,29,0,30
IDJKT-PHDVO,15,0,4
IDJKT-PHDVO,30,0,3
IDJKT-PHDVO,33,0,4
IDJKT-PHGES,17,0,4
IDJKT-PHMNL,12,0,359
IDJKT-PHMNL,18,12,18
IDJKT-PHMNL,23,12,8
IDJKT-PHSFS,22,12,8
IDJKT-SGSIN,3,12,153
IDJKT-SGSIN,5,0,1499
IDJKT-THBKK,7,12,11
IDJKT-THLCH,8,12,87
IDJKT-TWKHH,11,0,64
IDJKT-VNHPH,14,0,1
IDJKT-VNSGN,19,12,2
IDSRG-CNSHK,12,12,4
IDSRG-CNTAO,24,12,2
IDSRG-MYPKG,7,12,68
IDSRG-PHMNL,21,0,5
IDSUB-BDCGP,18,0,2
IDSUB-CNDLC,17,12,3
IDSUB-CNLYG,19,12,15
IDSUB-CNNGB,14,0,4
IDSUB-CNSHA,11,12,135
IDSUB-CNSHK,11,12,3
IDSUB-CNTAO,22,0,14
IDSUB-CNTXG,16,0,12
IDSUB-MMRGN,18,12,4
IDSUB-MYPKG,6,0,118
IDSUB-PHMNL,9,12,143
IDSUB-PHMNL,19,12,3
IDSUB-TWTXG,17,12,1
JPHKT-BDCGP,36,12,1
JPHKT-CNSHK,19,12,1
JPHKT-KRPUS,3,0,108
JPHKT-MYPKG,25,0,2
JPHKT-THLCH,17,0,3
JPHKT-TWKHH,10,0,2
JPMOJ-BDCGP,37,0,1
JPMOJ-CNTAO,11,12,1
JPMOJ-KRPUS,3,12,81
JPMOJ-MYPKG,25,12,1
JPMOJ-THLCH,18,0,1
JPMOJ-VNHPH,34,0,1
JPNGO-BDCGP,30,0,11
JPNGO-CNNSA,9,12,3
JPNGO-CNSHK,8,0,52
JPNGO-HKHKG,21,0,1
JPNGO-IDJKT,20,12,4
JPNGO-IDJKT,24,12,2
JPNGO-IDSUB,22,0,2
JPNGO-KHKOS,27,0,2
JPNGO-KRPUS,4,0,94
JPNGO-MMRGN,25,12,1
JPNGO-MYPEN,21,0,2
JPNGO-MYPKG,12,0,25
JPNGO-MYPKG,16,12,16
JPNGO-MYPKG,20,0,13
JPNGO-PHCEB,21,12,1
JPNGO-PHCGY,23,0,1
JPNGO-PHDVO,22,12,2
JPNGO-PHMNL,15,12,2
JPNGO-PHMNL,19,0,39
JPNGO-PHMNL,20,12,7
JPNGO-PHSFS,16,12,1
JPNGO-SGSIN,10,12,598
JPNGO-THLCH,15,0,28
JPNGO-THLCH,16,0,74
JPNGO-TWKHH,8,0,18
JPNGO-VNSGN,17,12,3
JPOIT-KRPUS,4,12,21
JPOIT-TWKHH,11,0,4
JPOMZ-MMRGN,26,12,1
JPOMZ-MYPKG,13,12,1
JPOMZ-PHMNL,20,12,2
JPOMZ-SGSIN,12,0,154
JPOSA-CNSHK,7,0,1
JPOSA-HKHKG,10,12,1
JPOSA-THLCH,15,0,4
JPSBS-KHKOS,43,12,3
JPSBS-KRPUS,5,12,36
JPSBS-THLCH,19,12,7
JPSBS-TWKHH,12,0,1
JPSBS-VNSGN,22,0,1
JPTYO-BDCGP,32,0,7
JPTYO-CNNSA,11,12,5
JPTYO-CNSHK,10,0,16
JPTYO-HKHKG,23,0,1
JPTYO-IDJKT,20,12,1
JPTYO-IDJKT,21,12,3
JPTYO-IDSUB,24,0,2
JPTYO-KHKOS,31,0,1
JPTYO-KRPUS,6,0,37
JPTYO-MMRGN,29,0,2
JPTYO-MYPEN,23,0,1
JPTYO-MYPKG,16,0,23
JPTYO-MYPKG,18,12,6
JPTYO-MYPKG,22,0,2
JPTYO-PHDVO,26,12,1
JPTYO-PHMNL,17,12,3
JPTYO-PHMNL,22,12,16
JPTYO-PHMNL,23,0,41
JPTYO-PHSFS,18,12,1
JPTYO-SGSIN,14,12,163
JPTYO-THLCH,17,0,31
JPTYO-THLCH,18,0,45
JPTYO-TWKHH,10,0,13
JPTYO-VNSGN,19,12,1
JPUKB-BDCGP,28,0,3
JPUKB-CNNSA,7,12,11
JPUKB-CNSHK,6,12,85
JPUKB-CNTAO,7,12,5
JPUKB-HKHKG,19,12,1
JPUKB-IDJKT,16,0,4
JPUKB-IDJKT,19,0,3
JPUKB-IDJKT,22,12,1
JPUKB-IDSUB,20,0,4
JPUKB-IDSUB,21,12,2
JPUKB-KHKOS,25,12,1
JPUKB-KRKAN,3,12,2
JPUKB-KRPUS,2,12,90
JPUKB-MMRGN,23,12,1
JPUKB-MYPEN,19,0,4
JPUKB-MYPKG,10,12,49
JPUKB-MYPKG,16,12,1
JPUKB-MYPKG,18,12,9
JPUKB-MYPKG,30,0,5
JPUKB-PHCEB,19,12,5
JPUKB-PHCGY,21,12,4
JPUKB-PHDVO,21,0,2
JPUKB-PHGES,23,0,1
JPUKB-PHMNL,14,0,1
JPUKB-PHMNL,17,12,19
JPUKB-PHMNL,18,12,9
JPUKB-PHSFS,15,0,1
JPUKB-SGSIN,9,0,343
JPUKB-THLCH,13,12,20
JPUKB-THLCH,14,0,43
JPUKB-TWKHH,6,12,16
JPUKB-VNC8Q,9,12,446
JPUKB-VNSGN,16,0,5
JPYKK-MYPKG,12,12,15
JPYKK-PHMNL,19,12,38
JPYKK-SGSIN,11,0,19
JPYOK-BDCGP,31,0,7
JPYOK-CNNSA,10,12,13
JPYOK-CNSHK,9,12,78
JPYOK-HKHKG,16,0,1
JPYOK-HKHKG,22,12,1
JPYOK-IDBLW,22,0,1
JPYOK-IDJKT,20,12,7
JPYOK-IDJKT,25,12,1
JPYOK-IDSUB,23,0,3
JPYOK-IDSUB,26,0,2
JPYOK-KHKOS,30,0,5
JPYOK-KRKAN,6,12,1
JPYOK-KRPUS,5,12,84
JPYOK-MMRGN,28,0,1
JPYOK-MYPEN,22,0,2
JPYOK-MYPEN,23,12,1
JPYOK-MYPKG,15,0,41
JPYOK-MYPKG,18,0,26
JPYOK-MYPKG,21,0,15
JPYOK-PHCEB,22,12,2
JPYOK-PHCGY,24,12,4
JPYOK-PHDVO,21,0,3
JPYOK-PHDVO,25,12,6
JPYOK-PHGES,27,12,1
JPYOK-PHMNL,21,12,7
JPYOK-PHMNL,22,0,27
JPYOK-PHSFS,17,12,3
JPYOK-PHSFS,30,12,1
JPYOK-SGSIN,13,12,358
JPYOK-SGSIN,28,12,6
JPYOK-THLCH,16,12,34
JPYOK-THLCH,17,0,59
JPYOK-TWKHH,9,12,35
JPYOK-VNSGN,19,0,4
KHKOS-CNSHA,21,12,4
KHKOS-IDJKT,12,12,1
KHKOS-MYPEN,12,12,1
KHKOS-MYPEN,15,12,1
KHKOS-MYPKG,6,0,6
KHKOS-MYPKG,12,12,3
KHKOS-SGSIN,5,0,696
KRICH-BDCGP,27,12,9
KRICH-CNNGB,5,12,5
KRICH-CNSHA,3,12,376
KRICH-SGSIN,25,12,1
KRICH-THLCH,12,0,2
KRKAN-BDCGP,20,0,6
KRKAN-CNDLC,11,0,14
KRKAN-KRPUS,2,0,153
KRKAN-MMRGN,38,0,1
KRKAN-THLCH,11,0,13
KRKAN-VNC8Q,6,12,119
KRKAN-VNSGN,13,12,14
KRPUS-BDCGP,21,0,23
KRPUS-BDCGP,28,12,2
KRPUS-BDCGP,32,12,17
KRPUS-CNDLC,4,0,282
KRPUS-CNSHA,7,12,27
KRPUS-CNSHK,11,12,8
KRPUS-CNTAO,3,0,113
KRPUS-CNTXG,6,0,10
KRPUS-HKHKG,18,0,1
KRPUS-IDJKT,30,0,7
KRPUS-IDSRG,26,0,1
KRPUS-IDSUB,27,12,3
KRPUS-JPHKT,5,12,50
KRPUS-JPMOJ,4,12,42
KRPUS-JPOIT,4,0,4
KRPUS-JPSBS,3,0,51
KRPUS-KHKOS,33,0,1
KRPUS-KRKAN,2,0,87
KRPUS-KRKAN,7,0,54
KRPUS-MMRGN,31,0,6
KRPUS-MYPEN,19,12,26
KRPUS-MYPKG,13,12,10
KRPUS-MYPKG,17,0,99
KRPUS-PHDVO,25,12,1
KRPUS-PHMNL,26,0,5
KRPUS-SGSIN,23,12,19
KRPUS-THLCH,12,0,83
KRPUS-TWKEL,19,12,2
KRPUS-TWKHH,4,12,85
KRPUS-VNC8Q,7,12,10
KRPUS-VNHPH,32,12,3
KRPUS-VNSGN,14,12,12
MMRGN-BDCGP,19,0,4
MMRGN-BDCGP,24,12,15
MMRGN-CNNSA,18,0,18
MMRGN-CNNSA,18,12,2
MMRGN-CNNSA,21,12,19
MMRGN-CNSHA,26,0,1
MMRGN-CNSHK,17,12,45
MMRGN-CNTAO,29,12,6
MMRGN-CNXMN,35,0,1
MMRGN-IDJKT,23,12,1
MMRGN-JPNGO,28,12,1
MMRGN-JPTYO,24,12,2
MMRGN-KHKOS,19,12,2
MMRGN-KRPUS,32,0,1
MMRGN-MYPKG,7,12,3
MMRGN-MYPKG,8,12,91
MMRGN-PHCEB,27,12,3
MMRGN-PHMNL,19,0,2
MMRGN-PHSFS,30,0,5
MMRGN-SGSIN,7,0,190
MMRGN-SGSIN,17,0,3
MMRGN-SGSIN,23,12,36
MMRGN-THLCH,14,0,20
MMRGN-VNSGN,14,12,3
MMRGN-VNVUT,17,0,1
MYPEN-CNDLC,34,0,1
MYPEN-CNNGB,16,12,2
MYPEN-CNNSA,10,0,220
MYPEN-CNNSA,10,12,222
MYPEN-CNSHA,14,12,10
MYPEN-CNSHA,16,0,17
MYPEN-CNSHA,24,12,2
MYPEN-CNTAO,18,0,203
MYPEN-CNTXG,22,0,18
MYPEN-CNXMN,18,12,46
MYPEN-HKHKG,18,12,1
MYPEN-IDJKT,12,0,1
MYPEN-JPYOK,28,0,1
MYPEN-KRPUS,25,0,3
MYPEN-MYPKG,3,12,191
MYPEN-MYPKG,4,0,24
MYPEN-PHBTG,17,0,1
MYPEN-PHMNL,14,0,10
MYPEN-PHMNL,17,12,2
MYPEN-PHSFS,18,12,1
MYPEN-SGSIN,6,0,203
MYPEN-TWKHH,21,0,1
MYPEN-VNSGN,10,0,29
MYPEN-VNSGN,13,12,44
MYPKG-BDCGP,8,12,567
MYPKG-CNNGB,11,0,157
MYPKG-CNNSA,7,0,236
MYPKG-CNNSA,7,12,67
MYPKG-CNNSA,8,0,238
MYPKG-CNNSA,12,0,26
MYPKG-CNSHA,12,12,52
MYPKG-CNSHA,13,0,44
MYPKG-CNSHA,13,12,57
MYPKG-CNSHK,6,0,124
MYPKG-CNSHK,13,0,13
MYPKG-CNSHK,33,12,15
MYPKG-CNTAO,16,0,33
MYPKG-CNTXG,20,0,244
MYPKG-CNXMN,15,12,132
MYPKG-CNXMN,19,0,23
MYPKG-IDBLW,4,0,105
MYPKG-IDJKT,8,0,1019
MYPKG-JPNGO,18,0,33
MYPKG-JPOMZ,16,0,4
MYPKG-JPTYO,14,0,124
MYPKG-JPUKB,19,12,71
MYPKG-JPYOK,15,0,104
MYPKG-KHKOS,12,0,31
MYPKG-KRPUS,23,0,14
MYPKG-MMRGN,6,12,8
MYPKG-MMRGN,8,0,102
MYPKG-MYPEN,3,12,174
MYPKG-MYPEN,4,0,58
MYPKG-PHBTG,14,0,2
MYPKG-PHCEB,16,12,6
MYPKG-PHCGY,18,0,2
MYPKG-PHDVO,15,12,1
MYPKG-PHDVO,22,0,1
MYPKG-PHGES,17,12,1
MYPKG-PHMNL,6,12,271
MYPKG-PHMNL,8,0,125
MYPKG-PHSFS,8,0,13
MYPKG-SGSIN,3,12,142
MYPKG-SGSIN,10,12,65
MYPKG-THBKK,5,12,40
MYPKG-THLCH,6,12,262
MYPKG-TWKHH,16,0,10
MYPKG-TWKHH,16,12,55
MYPKG-VNDAD,5,0,55
MYPKG-VNHPH,9,12,354
MYPKG-VNSGN,5,0,646
MYPKG-VNVUT,9,12,74
MYPKG-VNVUT,12,12,2
PHBTG-CNNSA,12,0,4
PHBTG-CNSHK,10,0,2
PHBTG-HKHKG,11,0,1
PHCEB-BDCGP,23,12,12
PHCEB-CNNSA,9,12,9
PHCEB-CNSHK,8,0,16
PHCEB-HKHKG,8,12,7
PHCEB-PHMNL,4,0,22
PHCEB-SGSIN,25,12,1
PHCEB-SGSIN,28,0,1
PHCGY-CNNSA,8,0,4
PHCGY-CNSHK,6,0,256
PHCGY-HKHKG,7,0,42
PHCGY-IDJKT,17,12,1
PHCGY-JPTYO,19,0,2
PHCGY-JPUKB,22,12,1
PHCGY-MYPKG,17,0,2
PHCGY-PHCEB,3,0,41
PHCGY-PHMNL,6,0,78
PHCGY-SGSIN,26,0,3
PHDVO-BDCGP,25,0,2
PHDVO-CNDLC,11,0,22
PHDVO-CNNSA,7,0,59
PHDVO-CNSHK,5,12,178
PHDVO-CNTAO,17,12,7
PHDVO-CNTXG,13,12,25
PHDVO-HKHKG,6,12,62
PHDVO-IDJKT,20,12,2
PHDVO-IDJKT,26,12,2
PHDVO-JPUKB,19,0,1
PHDVO-JPYOK,15,12,13
PHDVO-KRPUS,8,12,8
PHDVO-MYPKG,17,0,10
PHDVO-SGSIN,9,12,94
PHGES-CNSHA,24,12,3
PHGES-JPTYO,30,0,2
PHGES-MYPKG,16,0,4
PHGES-SGSIN,7,12,73
PHMNL-BDCGP,20,12,3
PHMNL-BDCGP,22,12,2
PHMNL-CNDLC,17,12,6
PHMNL-CNNGB,10,0,13
PHMNL-CNSHA,8,0,103
PHMNL-CNSHK,10,0,10
PHMNL-CNTAO,14,0,29
PHMNL-CNTXG,8,12,17
PHMNL-HKHKG,10,12,8
PHMNL-JPNGO,11,12,387
PHMNL-JPOMZ,9,12,38
PHMNL-JPTYO,7,12,556
PHMNL-JPUKB,13,0,168
PHMNL-JPYKK,10,12,223
PHMNL-JPYOK,8,12,467
PHMNL-KRPUS,12,0,46
PHMNL-MMRGN,21,0,9
PHMNL-MMRGN,21,12,3
PHMNL-MYPKG,10,0,22
PHMNL-MYPKG,17,12,4
PHMNL-PHCEB,5,12,284
PHMNL-PHCGY,3,12,275
PHMNL-SGSIN,7,12,126
PHMNL-TWKHH,21,12,2
PHSFS-BDCGP,28,0,1
PHSFS-CNNSA,10,0,69
PHSFS-CNSHK,8,12,25
PHSFS-HKHKG,9,12,11
PHSFS-JPNGO,20,0,2
PHSFS-JPTYO,18,0,1
PHSFS-MYPKG,8,12,3
PHSFS-SGSIN,6,0,27
PHSFS-VNHPH,21,12,2
SGSIN-BDCGP,10,12,522
SGSIN-BDCGP,13,0,6
SGSIN-BDCGP,16,0,77
SGSIN-CNDLC,23,0,15
SGSIN-CNLYG,25,0,22
SGSIN-CNNSA,5,12,74
SGSIN-CNNSA,14,0,51
SGSIN-CNSHA,10,0,144
SGSIN-CNSHA,19,12,47
SGSIN-CNSHK,13,0,23
SGSIN-CNTAO,13,0,112
SGSIN-CNTXG,17,0,229
SGSIN-CNXMN,10,0,324
SGSIN-CNXMN,22,12,9
SGSIN-HKHKG,11,12,100
SGSIN-IDBLW,6,0,80
SGSIN-IDJKT,4,12,521
SGSIN-IDJKT,7,12,92
SGSIN-IDSUB,6,12,140
SGSIN-JPHKT,33,0,1
SGSIN-JPMOJ,32,12,1
SGSIN-JPNGO,20,0,49
SGSIN-JPOMZ,18,0,1
SGSIN-JPSBS,30,12,4
SGSIN-JPTYO,16,0,33
SGSIN-JPUKB,21,12,47
SGSIN-JPYKK,19,0,2
SGSIN-JPYOK,17,0,77
SGSIN-KHKOS,12,12,10
SGSIN-KHKOS,16,0,43
SGSIN-KRPUS,20,0,35
SGSIN-MMRGN,8,0,37
SGSIN-MMRGN,9,0,113
SGSIN-MYPEN,6,0,96
SGSIN-MYPEN,8,12,16
SGSIN-MYPEN,11,12,10
SGSIN-MYPEN,12,12,74
SGSIN-MYPKG,2,0,224
SGSIN-MYPKG,2,12,142
SGSIN-MYPKG,3,0,84
SGSIN-MYPKG,3,12,209
SGSIN-PHCGY,25,12,1
SGSIN-PHDVO,7,0,90
SGSIN-PHGES,9,0,17
SGSIN-PHMNL,9,0,273
SGSIN-PHMNL,10,0,253
SGSIN-PHMNL,15,0,59
SGSIN-PHSFS,10,0,48
SGSIN-THBKK,5,0,50
SGSIN-THLCH,5,0,1076
SGSIN-THLCH,5,12,4
SGSIN-TWKHH,7,12,192
SGSIN-VNDAD,7,12,163
SGSIN-VNDAD,10,12,3
SGSIN-VNHPH,6,12,734
SGSIN-VNHPH,12,0,188
SGSIN-VNNGH,9,0,33
SGSIN-VNSGN,13,0,2
SGSIN-VNSGN,14,12,2
SGSIN-VNVUT,5,0,946
THBKK-IDJKT,9,0,37
THBKK-KHKOS,7,12,1
THBKK-MMRGN,17,0,3
THBKK-MMRGN,19,12,26
THBKK-PHMNL,7,12,106
THBKK-SGSIN,5,12,83
THBKK-VNC8Q,12,0,1
THLCH-CNNGB,15,12,42
THLCH-CNSHA,13,12,420
THLCH-CNSHK,8,0,3
THLCH-CNYPG,7,12,14
THLCH-HKHKG,7,0,141
THLCH-IDJKT,7,12,73
THLCH-IDJKT,10,12,6
THLCH-JPMOJ,26,0,8
THLCH-JPNGO,15,0,150
THLCH-JPOSA,16,0,9
THLCH-JPTYO,13,0,431
THLCH-JPTYO,13,12,148
THLCH-JPTYO,20,12,8
THLCH-JPUKB,16,12,44
THLCH-JPUKB,17,12,20
THLCH-JPYOK,13,12,89
THLCH-JPYOK,14,0,43
THLCH-KHKOS,6,12,10
THLCH-KRPUS,16,12,5
THLCH-KRPUS,18,12,76
THLCH-MMRGN,15,0,3
THLCH-MMRGN,15,12,7
THLCH-MMRGN,16,0,4
THLCH-MMRGN,16,12,3
THLCH-MMRGN,18,12,55
THLCH-MYPKG,9,0,1
THLCH-MYPKG,11,12,1
THLCH-PHBTG,19,12,1
THLCH-PHCEB,22,0,33
THLCH-PHCGY,23,12,24
THLCH-PHDVO,12,12,2
THLCH-PHDVO,20,12,7
THLCH-PHMNL,6,0,623
THLCH-PHSFS,17,0,5
THLCH-SGSIN,4,0,196
THLCH-SGSIN,5,0,2164
THLCH-TWKEL,9,0,72
THLCH-TWKHH,16,0,4
THLCH-TWTXG,15,0,6
THLCH-VNC8Q,10,12,9
THLCH-VNHPH,6,12,185
THLCH-VNSGN,4,0,11
THLCH-VNVUT,4,0,604
TWKEL-CNNGB,4,0,62
TWKEL-CNSHA,5,12,50
TWKEL-JPNGO,7,0,5
TWKEL-JPTYO,5,0,8
TWKEL-JPUKB,8,12,5
TWKEL-JPYOK,5,12,6
TWKEL-TWTXG,1,12,5
TWKHH-BDCGP,15,0,264
TWKHH-BDCGP,23,12,7
TWKHH-CNNGB,2,12,184
TWKHH-CNNSA,8,0,1
TWKHH-CNSHA,4,0,249
TWKHH-HKHKG,5,12,17
TWKHH-IDJKT,20,12,52
TWKHH-JPNGO,17,12,1
TWKHH-JPUKB,20,0,1
TWKHH-MYPEN,16,0,1
TWKHH-MYPEN,24,0,2
TWKHH-MYPKG,7,0,46
TWKHH-MYPKG,16,0,230
TWKHH-PHCEB,17,12,3
TWKHH-PHCGY,19,0,2
TWKHH-PHDVO,16,0,1
TWKHH-PHSFS,12,12,3
TWKHH-SGSIN,23,0,27
TWKHH-THLCH,8,0,238
TWKHH-TWTXG,7,0,10
TWKHH-VNC8Q,3,12,13
TWKHH-VNSGN,10,12,6
TWTXG-CNNGB,3,12,111
TWTXG-CNSHA,4,12,118
VNC8Q-CNDLC,10,0,36
VNC8Q-JPUKB,20,12,23
VNC8Q-KRICH,11,0,7
VNC8Q-KRPUS,7,0,66
VNC8Q-THLCH,5,12,18
VNDAD-BDCGP,22,0,17
VNDAD-CNNSA,8,0,59
VNDAD-CNSHK,8,12,43
VNDAD-PHBTG,18,0,2
VNDAD-PHCEB,21,0,1
VNDAD-PHMNL,19,12,4
VNHPH-BDCGP,18,0,37
VNHPH-CNNGB,10,0,62
VNHPH-CNNSA,3,12,18
VNHPH-CNSHA,8,0,181
VNHPH-CNSHK,4,12,157
VNHPH-HKHKG,13,12,1
VNHPH-IDJKT,14,0,1
VNHPH-IDSUB,16,0,1
VNHPH-KRPUS,30,0,2
VNHPH-MYPKG,10,12,4
VNHPH-MYPKG,11,12,3
VNHPH-MYPKG,12,12,2
VNHPH-PHBTG,14,0,8
VNHPH-PHCEB,16,12,1
VNHPH-PHDVO,16,0,1
VNHPH-PHMNL,15,12,4
VNHPH-PHMNL,18,0,4
VNHPH-SGSIN,6,12,1075
VNHPH-THLCH,17,0,1
VNHPH-TWKEL,18,12,1
VNNGH-BDCGP,20,12,46
VNNGH-CNNSA,6,12,4
VNNGH-CNSHK,7,0,44
VNNGH-IDJKT,16,12,9
VNNGH-IDSRG,18,12,16
VNNGH-IDSUB,20,0,1
VNNGH-PHMNL,20,12,1
VNNGH-SGSIN,18,0,3
VNSGN-CNNGB,7,0,127
VNSGN-CNNGB,9,12,64
VNSGN-CNSHA,7,12,324
VNSGN-CNSHA,9,12,201
VNSGN-JPNGO,12,0,53
VNSGN-JPTYO,10,0,215
VNSGN-JPUKB,13,12,19
VNSGN-JPYOK,10,12,33
VNSGN-KRPUS,15,0,9
VNSGN-PHMNL,22,12,13
VNSGN-TWKEL,6,0,1
VNSGN-TWKHH,12,0,2
VNUIH-CNDLC,11,12,123
VNUIH-CNNGB,17,12,1
VNUIH-CNSHA,15,12,24
VNUIH-JPHKT,20,12,1
VNUIH-KRICH,12,12,8
VNUIH-KRPUS,8,12,49
VNVUT-IDJKT,15,0,2
VNVUT-IDJKT,16,0,2
VNVUT-KHKOS,3,12,73
VNVUT-MMRGN,15,12,6
VNVUT-PHDVO,20,0,4
VNVUT-PHGES,20,0,6
VNVUT-PHMNL,21,12,7
VNVUT-PHSFS,16,0,3
VNVUT-PHSFS,25,0,3
VNVUT-SGSIN,4,12,299
VNVUT-SGSIN,5,0,2167
VNVUT-SGSIN,7,0,36
