portid,1,2,3,4,5,6,7,8,9,10,11
BDCGP,20.5102040816327,20.5102040816327,20.5102040816327,20.5102040816327,18.4213649851632,18.4213649851632,18.4213649851632,18.4213649851632,18.4213649851632,18.4213649851632,18.4213649851632
CNDLC,48.62032540833695,48.62032540833695,48.62032540833695,48.62032540833695,48.62032540833695,67.10440910195439,87.5368421052632,87.5368421052632,87.5368421052632,87.5368421052632,87.5368421052632
CNLYG,51.3802816901408,51.3802816901408,51.3802816901408,51.3802816901408,51.3802816901408,57.86425869190932,65.03169138046488,76.5306122448979,76.5306122448979,76.5306122448979,76.5306122448979
CNNGB,45.8588911722634,45.8588911722634,45.8588911722634,45.8588911722634,43.0564784053156,56.267391706994644,70.87082596012378,110.217881292261,58.2142857142857,102.7460896289161,109.82005738372732
CNNSA,47.71395668389715,47.71395668389715,47.71395668389715,47.71395668389715,33.4235976789168,43.703495007144205,55.06696408256437,79.47913815924284,115.068493150685,125.50312572322814,137.329042638777
CNQZJ,25.0,25.0,25.0,25.0,25.0,25.0,25.0,25.0,25.0,25.0,25.0
CNSHA,75.82836771072076,75.82836771072076,75.82836771072076,75.82836771072076,80.7346764148284,87.1416309012875,93.93772400595265,123.7125119135865,137.31093281909298,147.903331156107,135.679886685552
CNSHK,78.50104396647764,78.50104396647764,78.50104396647764,78.50104396647764,77.16527243242382,80.14795788042548,83.4450388499994,98.2025316455696,123.78615117270407,143.71433921873552,99.7907324364722
CNSWA,49.746835443038,49.746835443038,49.746835443038,49.746835443038,49.746835443038,49.746835443038,49.746835443038,49.746835443038,49.746835443038,49.746835443038,49.746835443038
CNTAO,66.0130718954248,66.0130718954248,66.0130718954248,66.0130718954248,66.0130718954248,110.887573964497,90.3296703296704,99.8932353681958,131.097922848665,163.241704134553,199.671322925226
CNTXG,25.625,25.625,25.625,25.625,25.625,36.69930786574966,48.94092380276681,68.58050453260138,97.2121212121212,97.2121212121212,97.2121212121212
CNXMN,35.75,35.75,35.75,35.75,35.75,35.75,83.6301369863013,100.74149420033449,125.6873332871275,145.1187265565745,145.1187265565745
CNYPG,31.907514450867,31.907514450867,31.907514450867,31.907514450867,31.907514450867,31.907514450867,31.907514450867,31.907514450867,31.907514450867,31.907514450867,31.907514450867
HKHKG,30.4225352112676,30.4225352112676,30.4225352112676,30.4225352112676,31.565062388591798,31.5720524017467,37.40644076154206,46.76671981219559,60.41262832105353,71.0420168067226,71.0420168067226
IDBLW,22.0674157303371,22.0674157303371,22.0674157303371,22.0674157303371,22.0674157303371,22.0674157303371,22.0674157303371,22.0674157303371,22.0674157303371,22.0674157303371,22.0674157303371
IDJKT,33.8065661047027,33.8065661047027,33.8065661047027,33.8065661047027,33.8065661047027,33.8065661047027,33.8065661047027,33.8065661047027,33.8065661047027,33.8065661047027,33.8065661047027
IDSRG,25.0,25.0,25.0,25.0,25.0,25.0,25.0,25.0,25.0,25.0,25.0
IDSUB,31.6814159292035,31.6814159292035,31.6814159292035,31.6814159292035,31.6814159292035,31.6814159292035,31.6814159292035,31.6814159292035,31.6814159292035,31.6814159292035,31.6814159292035
JPHKT,41.76,41.76,41.76,41.76,41.76,41.76,41.76,41.76,41.76,41.76,41.76
JPMOJ,43.2558139534884,43.2558139534884,43.2558139534884,43.2558139534884,43.2558139534884,43.2558139534884,43.2558139534884,43.2558139534884,43.2558139534884,43.2558139534884,43.2558139534884
JPNGO,46.9253731343283,46.9253731343283,46.9253731343283,46.9253731343283,50.4938774745118,55.1538461538462,55.1538461538462,55.1538461538462,55.1538461538462,55.1538461538462,55.1538461538462
JPOIT,17.0232558139535,17.0232558139535,17.0232558139535,17.0232558139535,17.0232558139535,17.0232558139535,17.0232558139535,17.0232558139535,17.0232558139535,17.0232558139535,17.0232558139535
JPOMZ,20.1290322580645,20.1290322580645,20.1290322580645,20.1290322580645,20.1290322580645,20.1290322580645,20.1290322580645,20.1290322580645,20.1290322580645,20.1290322580645,20.1290322580645
JPOSA,55.8571428571429,55.8571428571429,55.8571428571429,55.8571428571429,55.8571428571429,55.8571428571429,55.8571428571429,55.8571428571429,55.8571428571429,55.8571428571429,55.8571428571429
JPSBS,26.9724770642202,26.9724770642202,26.9724770642202,26.9724770642202,26.9724770642202,26.9724770642202,26.9724770642202,26.9724770642202,26.9724770642202,26.9724770642202,26.9724770642202
JPTYO,69.1111111111112,69.1111111111112,69.1111111111112,69.1111111111112,69.1111111111112,32.4615384615385,32.4615384615385,32.4615384615385,32.4615384615385,32.4615384615385,32.4615384615385
JPUKB,37.2258064516129,37.2258064516129,37.2258064516129,37.2258064516129,32.1333333333333,48.7222222222222,48.7222222222222,48.7222222222222,48.7222222222222,48.7222222222222,48.7222222222222
JPYKK,25.714285714285715,25.714285714285715,25.714285714285715,25.714285714285715,25.714285714285715,25.714285714285715,25.714285714285715,25.714285714285715,25.714285714285715,25.714285714285715,25.714285714285715
JPYOK,57.7914110429447,57.7914110429447,57.7914110429447,57.7914110429447,72.77146862096109,92.3333333333332,80.13883649225643,60.5748502994012,62.375316647569385,63.7777777777778,63.7777777777778
KHKOS,36.3157894736842,36.3157894736842,36.3157894736842,36.3157894736842,36.3157894736842,36.3157894736842,36.3157894736842,36.3157894736842,36.3157894736842,36.3157894736842,36.3157894736842
KRICH,41.1645569620253,41.1645569620253,41.1645569620253,41.1645569620253,41.1645569620253,41.1645569620253,41.1645569620253,41.1645569620253,41.1645569620253,41.1645569620253,41.1645569620253
KRKAN,27.3118279569892,27.3118279569892,27.3118279569892,33.7864077669903,39.939072491535505,47.973594010248846,56.85500925191646,56.85500925191646,56.85500925191646,56.85500925191646,56.85500925191646
KRPUS,50.3131115459883,50.3131115459883,50.3131115459883,73.2941176470588,75.82810024028687,79.13712788681462,82.79494976289287,67.76746887625555,86.86235558575984,49.8819561551434,108.4260430720967
MMRGN,19.090909090909093,19.090909090909093,19.090909090909093,27.08333333333333,27.08333333333333,27.08333333333333,27.08333333333333,27.08333333333333,27.08333333333333,27.08333333333333,27.08333333333333
MYPEN,59.3123209169055,59.3123209169055,59.3123209169055,59.3123209169055,59.3123209169055,59.3123209169055,59.3123209169055,59.3123209169055,59.3123209169055,59.3123209169055,59.3123209169055
MYPKG,53.5323383084577,53.5323383084577,53.5323383084577,56.03414635397036,51.1470693127342,68.40825523349031,75.11770901323194,84.35526929066044,97.82227189909746,108.312302839117,108.312302839117
PHBTG,30.76923076923077,30.76923076923077,30.76923076923077,30.76923076923077,30.76923076923077,30.76923076923077,30.76923076923077,30.76923076923077,30.76923076923077,30.76923076923077,30.76923076923077
PHCEB,52.9756097560976,52.9756097560976,52.9756097560976,41.8461538461538,41.8461538461538,41.8461538461538,41.8461538461538,41.8461538461538,41.8461538461538,41.8461538461538,41.8461538461538
PHCGY,31.0805084745763,31.0805084745763,31.0805084745763,42.0695364238411,42.0695364238411,42.0695364238411,42.0695364238411,42.0695364238411,42.0695364238411,42.0695364238411,42.0695364238411
PHDVO,24.553415061296,24.553415061296,24.553415061296,27.694279277598344,32.4181729360039,32.4181729360039,32.4181729360039,32.4181729360039,32.4181729360039,32.4181729360039,32.4181729360039
PHGES,15.0373443983402,15.0373443983402,15.0373443983402,15.0373443983402,15.0373443983402,15.0373443983402,15.0373443983402,15.0373443983402,15.0373443983402,15.0373443983402,15.0373443983402
PHMNL,63.378721859114,63.378721859114,63.378721859114,63.378721859114,55.76113518933985,45.8136300417246,45.8136300417246,45.8136300417246,45.8136300417246,45.8136300417246,45.8136300417246
PHSFS,26.714285714285715,26.714285714285715,26.714285714285715,26.714285714285715,16.0,16.0,16.0,16.0,16.0,16.0,16.0
SGSIN,23.3379310344828,23.3379310344828,52.304201581234096,76.31146464397703,63.7924779108581,75.7824853028702,89.03632178225479,84.7817001635449,135.01155643062967,119.89558906488367,98.0020597322347
THBKK,24.753868828297747,24.753868828297747,24.753868828297747,24.753868828297747,24.753868828297747,24.753868828297747,24.753868828297747,24.753868828297747,24.753868828297747,24.753868828297747,24.753868828297747
THLCH,65.767145549395,65.767145549395,65.767145549395,65.767145549395,57.19615902487425,57.19615902487425,57.19615902487425,57.19615902487425,57.19615902487425,57.19615902487425,57.19615902487425
TWKEL,29.4803149606299,29.4803149606299,29.4803149606299,30.58221360087891,32.2394810407958,34.40364104372193,36.795918367347,36.795918367347,36.795918367347,36.795918367347,36.795918367347
TWKHH,48.2196339434276,48.2196339434276,48.2196339434276,57.70083603807385,71.96066625183867,90.58201453506743,111.166180758018,69.3212669683258,74.52786868763839,78.58351601436651,83.1799163179917
TWTXG,43.5114503816794,43.5114503816794,43.5114503816794,43.5114503816794,43.5114503816794,43.5114503816794,43.5114503816794,43.5114503816794,43.5114503816794,43.5114503816794,43.5114503816794
VNC8Q,34.13513513513515,34.13513513513515,34.13513513513515,34.13513513513515,34.13513513513515,34.13513513513515,34.13513513513515,34.13513513513515,34.13513513513515,34.13513513513515,34.13513513513515
VNDAD,52.32,52.32,52.32,52.32,52.32,52.32,52.32,52.32,52.32,52.32,52.32
VNHPH,68.382687927107,68.382687927107,68.382687927107,68.382687927107,68.382687927107,68.382687927107,68.382687927107,68.382687927107,68.382687927107,68.382687927107,68.382687927107
VNNGH,19.23076923076923,19.23076923076923,19.23076923076923,19.23076923076923,19.23076923076923,19.23076923076923,19.23076923076923,19.23076923076923,19.23076923076923,19.23076923076923,19.23076923076923
VNSGN,71.6078431372549,71.6078431372549,71.6078431372549,71.6078431372549,71.6078431372549,71.6078431372549,71.6078431372549,71.6078431372549,71.6078431372549,71.6078431372549,71.6078431372549
VNUIH,55.685393258427,55.685393258427,55.685393258427,55.685393258427,55.685393258427,55.685393258427,55.685393258427,55.685393258427,55.685393258427,55.685393258427,55.685393258427
VNVUT,67.6257722859664,67.6257722859664,67.6257722859664,67.6257722859664,73.59154165928555,81.38200393076205,89.99363440513135,103.809523809524,103.809523809524,103.809523809524,103.809523809524
